circ_id,final_purpose,final_status,reason,hsdir_fp,start,extended_1,extended_2,extended_3,extended_4,end,rebuilt
6,hs_client_rend,built,,,2020-06-19 12:32:23.730000,2020-06-19 12:32:23.738000,2020-06-19 12:32:23.774000,2020-06-19 12:32:23.844000,,2020-06-19 12:32:23.845000,
7,hs_client_intro,built,,,2020-06-19 12:32:23.730000,2020-06-19 12:32:23.738000,2020-06-19 12:32:23.795000,2020-06-19 12:32:23.882000,2020-06-19 12:32:24.009000,2020-06-19 12:32:24.010000,
8,hs_client_hsdir,built,,799D4E64771CFA37BB31C8237141A56EA7D9AB02,2020-06-19 12:32:23.919000,2020-06-19 12:32:23.922000,2020-06-19 12:32:24.008000,2020-06-19 12:32:24.077000,2020-06-19 12:32:24.451000,2020-06-19 12:32:24.077000,2020-06-19 12:32:24.452000
9,hs_client_hsdir,built,,8FDEAE759A90C648863BED85D07113D3FA2AA6FF,2020-06-19 12:32:24.849000,2020-06-19 12:32:24.853000,2020-06-19 12:32:24.909000,2020-06-19 12:32:25.043000,2020-06-19 12:32:25.234000,2020-06-19 12:32:25.235000,
10,hs_client_hsdir,built,,7731E125924324B7405BA20E2759EE16780237E2,2020-06-19 12:32:24.909000,2020-06-19 12:32:24.915000,2020-06-19 12:32:24.951000,2020-06-19 12:32:24.996000,2020-06-19 12:32:25.404000,2020-06-19 12:32:24.997000,2020-06-19 12:32:25.405000
11,hs_client_hsdir,built,,3916A2629792382F79E5C0F78A3CBC045A027019,2020-06-19 12:32:25.393000,2020-06-19 12:32:25.404000,2020-06-19 12:32:25.436000,2020-06-19 12:32:25.508000,2020-06-19 12:32:25.644000,2020-06-19 12:32:25.644000,
12,hs_client_hsdir,built,,ECB24A326D382F84B7BD630CFDBE1A0CDCE0245A,2020-06-19 12:32:25.663000,2020-06-19 12:32:25.664000,2020-06-19 12:32:25.754000,2020-06-19 12:32:25.971000,2020-06-19 12:32:26.244000,2020-06-19 12:32:26.245000,
13,hs_client_hsdir,built,,E384748293FC4429E2B427360DB4F9D4C3D619D1,2020-06-19 12:32:25.768000,2020-06-19 12:32:25.812000,2020-06-19 12:32:25.872000,2020-06-19 12:32:25.996000,2020-06-19 12:32:26.135000,2020-06-19 12:32:26.136000,
14,hs_client_hsdir,built,,564A7F1D0314125AF60096CDE0A887F286608240,2020-06-19 12:32:25.918000,2020-06-19 12:32:25.926000,2020-06-19 12:32:26.037000,2020-06-19 12:32:26.253000,2020-06-19 12:32:26.567000,2020-06-19 12:32:26.253000,2020-06-19 12:32:26.567000
15,hs_client_hsdir,built,,9EAD5B2D3DBD96DBC80DCE423B0C345E920A758D,2020-06-19 12:32:26.194000,2020-06-19 12:32:26.197000,2020-06-19 12:32:26.234000,2020-06-19 12:32:26.301000,2020-06-19 12:32:26.399000,2020-06-19 12:32:26.400000,
16,hs_client_hsdir,built,,8FC7998C90FFBE05B1F31CB7A70D0BA71DB9C14F,2020-06-19 12:32:26.501000,2020-06-19 12:32:26.510000,2020-06-19 12:32:26.611000,2020-06-19 12:32:26.674000,2020-06-19 12:32:27.079000,2020-06-19 12:32:27.080000,
17,hs_client_hsdir,built,,1B8188170F0AD7998A7D04BD5CE9F6128B032C8E,2020-06-19 12:32:26.527000,2020-06-19 12:32:26.530000,2020-06-19 12:32:26.590000,2020-06-19 12:32:26.698000,2020-06-19 12:32:26.875000,2020-06-19 12:32:26.876000,
18,hs_client_hsdir,built,,342A1AC764D89248E66458C077CFF668D05FFF34,2020-06-19 12:32:26.894000,2020-06-19 12:32:26.896000,2020-06-19 12:32:27.078000,2020-06-19 12:32:27.739000,2020-06-19 12:32:28.778000,2020-06-19 12:32:28.779000,
19,hs_client_hsdir,built,,21F2F6EC0499097FEF00754D10A03E20F5AEF120,2020-06-19 12:32:26.906000,2020-06-19 12:32:26.957000,2020-06-19 12:32:26.985000,2020-06-19 12:32:27.057000,2020-06-19 12:32:27.229000,2020-06-19 12:32:27.058000,2020-06-19 12:32:27.230000
20,hs_client_hsdir,built,,DB58ED50E920C51F5C1A044E6A04BA669B14CFD2,2020-06-19 12:32:27.219000,2020-06-19 12:32:27.229000,2020-06-19 12:32:27.271000,2020-06-19 12:32:27.370000,2020-06-19 12:32:27.739000,2020-06-19 12:32:27.740000,
21,hs_client_hsdir,built,,DCEA2A6D8034E164A4FFDD8AFF997E2F6FB2ECF8,2020-06-19 12:32:27.386000,2020-06-19 12:32:27.402000,2020-06-19 12:32:27.434000,2020-06-19 12:32:27.516000,2020-06-19 12:32:27.613000,2020-06-19 12:32:27.614000,
22,hs_client_hsdir,built,,C1B8C6887867CED2564454058F9082311FAF1AC7,2020-06-19 12:32:27.515000,2020-06-19 12:32:27.524000,2020-06-19 12:32:27.578000,2020-06-19 12:32:27.687000,2020-06-19 12:32:27.844000,2020-06-19 12:32:27.845000,
23,hs_client_hsdir,built,,57071A79665F3107F6AAEEED96C6BBC40EBD1D91,2020-06-19 12:32:27.704000,2020-06-19 12:32:27.719000,2020-06-19 12:32:27.773000,2020-06-19 12:32:27.853000,2020-06-19 12:32:28.097000,2020-06-19 12:32:28.098000,
24,hs_client_hsdir,built,,2ACEC0EB4F92729B8CA22C868545866B9529431C,2020-06-19 12:32:27.917000,2020-06-19 12:32:27.928000,2020-06-19 12:32:27.974000,2020-06-19 12:32:28.075000,2020-06-19 12:32:28.292000,2020-06-19 12:32:28.076000,2020-06-19 12:32:28.293000
25,hs_client_hsdir,built,,980AFB485D04C566C74D5704C96CF80D29DE3793,2020-06-19 12:32:28.023000,2020-06-19 12:32:28.033000,2020-06-19 12:32:28.052000,2020-06-19 12:32:28.111000,2020-06-19 12:32:28.239000,2020-06-19 12:32:28.240000,
26,hs_client_hsdir,built,,29B1FF46029E21D60C9C544E22E8453CC461EF7D,2020-06-19 12:32:28.197000,2020-06-19 12:32:28.206000,2020-06-19 12:32:28.257000,2020-06-19 12:32:28.381000,2020-06-19 12:32:28.703000,2020-06-19 12:32:28.704000,
27,hs_client_hsdir,failed,destroyed,,2020-06-19 12:32:28.413000,2020-06-19 12:32:28.430000,,,,2020-06-19 12:32:28.453000,
28,hs_client_hsdir,built,,5D9622326D1AE40F2F4D570BE1C7FC7505F3528C,2020-06-19 12:32:28.524000,2020-06-19 12:32:28.533000,2020-06-19 12:32:28.566000,2020-06-19 12:32:28.619000,2020-06-19 12:32:28.734000,2020-06-19 12:32:28.734000,
29,hs_client_hsdir,built,,CA95B3584C44DED8107AF5B3D8C25C562CC64DD4,2020-06-19 12:32:28.524000,2020-06-19 12:32:28.534000,2020-06-19 12:32:28.576000,2020-06-19 12:32:28.683000,2020-06-19 12:32:28.831000,2020-06-19 12:32:28.831000,
30,hs_client_hsdir,built,,5C8A60F3F936C1FCD64D9ACFBCFF898E51A4D179,2020-06-19 12:32:28.904000,2020-06-19 12:32:28.913000,2020-06-19 12:32:28.946000,2020-06-19 12:32:29.008000,2020-06-19 12:32:29.271000,2020-06-19 12:32:29.272000,
31,hs_client_hsdir,built,,00C22D3BC1822EB8EA380AF04245337399E796E2,2020-06-19 12:32:28.906000,2020-06-19 12:32:28.924000,2020-06-19 12:32:29.003000,2020-06-19 12:32:29.084000,2020-06-19 12:32:29.316000,2020-06-19 12:32:29.084000,2020-06-19 12:32:29.317000
32,hs_client_hsdir,built,,41920DBE62C7C6200AEFA4C9DE4C7053F56E5FA5,2020-06-19 12:32:28.975000,2020-06-19 12:32:29.007000,2020-06-19 12:32:29.094000,2020-06-19 12:32:29.159000,2020-06-19 12:32:29.380000,2020-06-19 12:32:29.381000,
33,hs_client_hsdir,built,,0B58A95E539FFA6C05C010F5C1DA35FB8038E3A8,2020-06-19 12:32:29.234000,2020-06-19 12:32:29.260000,2020-06-19 12:32:29.306000,2020-06-19 12:32:29.380000,2020-06-19 12:32:29.547000,2020-06-19 12:32:29.548000,
34,hs_client_hsdir,built,,345E03CEFB7BF04613FCA14532F38D1BB9EDBD47,2020-06-19 12:32:29.466000,2020-06-19 12:32:29.467000,2020-06-19 12:32:29.528000,2020-06-19 12:32:29.638000,2020-06-19 12:32:29.779000,2020-06-19 12:32:29.780000,
35,hs_client_hsdir,built,,2BB85DC5BD3C6F0D81A4F2B5882176C6BF7ECF5A,2020-06-19 12:32:29.626000,2020-06-19 12:32:29.627000,2020-06-19 12:32:29.683000,2020-06-19 12:32:29.756000,2020-06-19 12:32:29.893000,2020-06-19 12:32:29.893000,
36,hs_client_hsdir,built,,9DB400402B545DC41DE342E14644F74B7DA4F789,2020-06-19 12:32:29.700000,2020-06-19 12:32:29.712000,2020-06-19 12:32:29.745000,2020-06-19 12:32:29.811000,2020-06-19 12:32:29.915000,2020-06-19 12:32:29.916000,
37,hs_client_hsdir,built,,7949B2236CD51FBF4ED64CAE56D0C0D1F12BFF82,2020-06-19 12:32:29.914000,2020-06-19 12:32:29.926000,2020-06-19 12:32:29.991000,2020-06-19 12:32:30.100000,2020-06-19 12:32:30.369000,2020-06-19 12:32:30.101000,2020-06-19 12:32:30.370000
38,hs_client_hsdir,built,,AC2BEDD0BAC72838EA7E6F113F856C4E8018ACDB,2020-06-19 12:32:29.968000,2020-06-19 12:32:29.991000,2020-06-19 12:32:30.068000,2020-06-19 12:32:30.188000,2020-06-19 12:32:30.348000,2020-06-19 12:32:30.349000,
39,hs_client_hsdir,built,,E81978D79F5FBC67DD0E80F6EADCE88A97A79554,2020-06-19 12:32:30.044000,2020-06-19 12:32:30.058000,2020-06-19 12:32:30.188000,2020-06-19 12:32:30.415000,2020-06-19 12:32:30.657000,2020-06-19 12:32:30.658000,
40,hs_client_hsdir,built,,C0417071C3754885296F4A5935AC1BC1CABDBC31,2020-06-19 12:32:30.057000,2020-06-19 12:32:30.068000,2020-06-19 12:32:30.088000,2020-06-19 12:32:30.167000,2020-06-19 12:32:30.437000,2020-06-19 12:32:30.438000,
41,hs_client_hsdir,built,,53D79BBFEDB5DE1C3CF4839B2875859CE54D7BB1,2020-06-19 12:32:30.529000,2020-06-19 12:32:30.542000,2020-06-19 12:32:30.571000,2020-06-19 12:32:30.628000,2020-06-19 12:32:30.966000,2020-06-19 12:32:30.967000,
42,hs_client_hsdir,built,,01B70C7C497FC8667DB5EB82C40D8F9214D6A484,2020-06-19 12:32:30.534000,2020-06-19 12:32:30.543000,2020-06-19 12:32:30.581000,2020-06-19 12:32:30.727000,2020-06-19 12:32:30.993000,2020-06-19 12:32:30.993000,
43,hs_client_hsdir,built,,409AB0F6A482B9FA32B16ADFA7CC3133916AB20B,2020-06-19 12:32:30.920000,2020-06-19 12:32:30.932000,2020-06-19 12:32:30.965000,2020-06-19 12:32:31.030000,2020-06-19 12:32:31.267000,2020-06-19 12:32:31.030000,2020-06-19 12:32:31.267000
44,hs_client_hsdir,built,,486981565B6631A5ED35703DA7E44C217B4D5715,2020-06-19 12:32:31.233000,2020-06-19 12:32:31.249000,2020-06-19 12:32:31.302000,2020-06-19 12:32:31.442000,2020-06-19 12:32:31.570000,2020-06-19 12:32:31.571000,
45,hs_client_hsdir,built,,D2F4DAC5918BB082A5CFAC5275B29FAC9B399B2B,2020-06-19 12:32:31.253000,2020-06-19 12:32:31.279000,2020-06-19 12:32:31.340000,2020-06-19 12:32:31.595000,2020-06-19 12:32:31.944000,2020-06-19 12:32:31.945000,
46,hs_client_hsdir,built,,E3F98C86C9E01138DD8EA06B1E660A0CDB4B2782,2020-06-19 12:32:31.557000,2020-06-19 12:32:31.570000,2020-06-19 12:32:31.629000,2020-06-19 12:32:31.736000,2020-06-19 12:32:31.869000,2020-06-19 12:32:31.870000,
47,hs_client_hsdir,built,,C7B6A1B76B6476DB3DA8C960E262CC7425B5C5F8,2020-06-19 12:32:31.583000,2020-06-19 12:32:31.585000,2020-06-19 12:32:31.719000,2020-06-19 12:32:31.996000,2020-06-19 12:32:32.353000,2020-06-19 12:32:32.354000,
48,hs_client_hsdir,built,,A1D8BE264B369180006CDA03998879B49CFAE93B,2020-06-19 12:32:31.719000,2020-06-19 12:32:31.727000,2020-06-19 12:32:31.756000,2020-06-19 12:32:31.890000,2020-06-19 12:32:32.157000,2020-06-19 12:32:32.158000,
49,hs_client_hsdir,built,,07A8A66164B8752A9E06D44AAB6219D89D6C10F6,2020-06-19 12:32:31.911000,2020-06-19 12:32:31.944000,2020-06-19 12:32:32.012000,2020-06-19 12:32:32.238000,2020-06-19 12:32:33.857000,2020-06-19 12:32:32.238000,2020-06-19 12:32:33.857000
50,hs_client_hsdir,built,,165532BF5B1A34DF60D74375409D632D6FBEF83F,2020-06-19 12:32:32.016000,2020-06-19 12:32:32.058000,2020-06-19 12:32:32.116000,2020-06-19 12:32:32.217000,2020-06-19 12:32:32.362000,2020-06-19 12:32:32.362000,
51,hs_client_hsdir,built,,AAEB6A603C1058B9D041884E42941944B915F500,2020-06-19 12:32:32.216000,2020-06-19 12:32:32.228000,2020-06-19 12:32:32.291000,2020-06-19 12:32:32.400000,2020-06-19 12:32:32.590000,2020-06-19 12:32:32.591000,
52,hs_client_hsdir,built,,547C1CDB516798EC66A01F04A5884DCE1A151919,2020-06-19 12:32:32.443000,2020-06-19 12:32:32.446000,2020-06-19 12:32:32.509000,2020-06-19 12:32:32.612000,2020-06-19 12:32:32.761000,2020-06-19 12:32:32.761000,
53,hs_client_hsdir,failed,destroyed,,2020-06-19 12:32:32.779000,2020-06-19 12:32:32.802000,2020-06-19 12:32:32.918000,,,2020-06-19 12:32:33.128000,
54,hs_client_hsdir,built,,BF2BF901643D3B8BC1BC1F62705AC661EA5E0E9E,2020-06-19 12:32:32.910000,2020-06-19 12:32:32.923000,2020-06-19 12:32:33.039000,2020-06-19 12:32:33.279000,2020-06-19 12:32:33.625000,2020-06-19 12:32:33.626000,
55,hs_client_hsdir,built,,7E006A46A222CE42F84B4A175698B3B593A7B3B7,2020-06-19 12:32:32.917000,2020-06-19 12:32:32.923000,2020-06-19 12:32:32.995000,2020-06-19 12:32:33.077000,2020-06-19 12:32:33.306000,2020-06-19 12:32:33.077000,2020-06-19 12:32:33.307000
56,hs_client_hsdir,built,,474648D2DFC1C060A5CA74C8A5976807B7FB5FE0,2020-06-19 12:32:33.203000,2020-06-19 12:32:33.210000,2020-06-19 12:32:33.447000,2020-06-19 12:32:33.730000,2020-06-19 12:32:33.979000,2020-06-19 12:32:33.979000,
57,hs_client_hsdir,built,,A98ADD972045D3CCAEE65C788C3F175BAEA3E324,2020-06-19 12:32:33.415000,2020-06-19 12:32:33.426000,2020-06-19 12:32:33.491000,2020-06-19 12:32:33.599000,2020-06-19 12:32:33.730000,2020-06-19 12:32:33.730000,
58,hs_client_hsdir,built,,D405FCCF06ADEDF898DF2F29C9348DCB623031BA,2020-06-19 12:32:33.857000,2020-06-19 12:32:33.869000,2020-06-19 12:32:33.935000,2020-06-19 12:32:34.169000,2020-06-19 12:32:34.535000,2020-06-19 12:32:34.536000,
59,hs_client_hsdir,built,,88E9D93B5D6FE4B150BF721D8E36DB1C2FF92F29,2020-06-19 12:32:33.923000,2020-06-19 12:32:33.965000,2020-06-19 12:32:34.021000,2020-06-19 12:32:34.170000,2020-06-19 12:32:34.355000,2020-06-19 12:32:34.171000,2020-06-19 12:32:34.355000
60,hs_client_hsdir,built,,B6320E44A230302C7BF9319E67597A9B87882241,2020-06-19 12:32:33.950000,2020-06-19 12:32:33.971000,2020-06-19 12:32:34.151000,2020-06-19 12:32:34.575000,2020-06-19 12:32:35.045000,2020-06-19 12:32:35.046000,
61,hs_client_hsdir,built,,4648DBC0DBDDF68664AF5B0831C0A83A8F0ADEF5,2020-06-19 12:32:34.403000,2020-06-19 12:32:34.406000,2020-06-19 12:32:35.800000,2020-06-19 12:32:35.904000,2020-06-19 12:32:36.214000,2020-06-19 12:32:36.214000,
62,hs_client_hsdir,built,,725BDB38752AB86CC9F204AC9857C29306BBE2D6,2020-06-19 12:32:34.574000,2020-06-19 12:32:34.585000,2020-06-19 12:32:34.615000,2020-06-19 12:32:34.686000,2020-06-19 12:32:34.818000,2020-06-19 12:32:34.819000,
63,hs_client_hsdir,failed,destroyed,,2020-06-19 12:32:34.914000,2020-06-19 12:32:34.916000,2020-06-19 12:32:35.045000,2020-06-19 12:32:35.271000,,2020-06-19 12:32:35.271000,2020-06-19 12:32:35.627000
64,hs_client_hsdir,built,,5262556D44A7F2434990FDE1AE7973C67DF49E58,2020-06-19 12:32:34.954000,2020-06-19 12:32:34.964000,2020-06-19 12:32:35.011000,2020-06-19 12:32:35.119000,2020-06-19 12:32:35.254000,2020-06-19 12:32:35.255000,
65,hs_client_hsdir,built,,87EA8B42136D1F9014BE377B2B985459D19E6E70,2020-06-19 12:32:35.010000,2020-06-19 12:32:35.021000,2020-06-19 12:32:35.188000,2020-06-19 12:32:35.467000,2020-06-19 12:32:35.791000,2020-06-19 12:32:35.791000,
66,hs_client_hsdir,built,,B6942C63F1A596E6557D13FC0ACF8475A0A2AD3F,2020-06-19 12:32:35.118000,2020-06-19 12:32:35.130000,2020-06-19 12:32:35.163000,2020-06-19 12:32:35.364000,2020-06-19 12:32:35.706000,2020-06-19 12:32:35.707000,
67,hs_client_hsdir,built,,5D84900DBE6D6365684A9675B81A68ACE9577A68,2020-06-19 12:32:35.203000,2020-06-19 12:32:35.244000,2020-06-19 12:32:35.313000,2020-06-19 12:32:35.403000,2020-06-19 12:32:35.596000,2020-06-19 12:32:35.597000,
68,hs_client_hsdir,built,,BB264DD1A7689EED7F8AF892BA783FBCC66B3635,2020-06-19 12:32:35.525000,2020-06-19 12:32:35.527000,2020-06-19 12:32:35.572000,2020-06-19 12:32:35.655000,2020-06-19 12:32:35.854000,2020-06-19 12:32:35.855000,
69,hs_client_hsdir,built,,EAA823552F959DFD038E9AC8FA89345A738B6C00,2020-06-19 12:32:35.708000,2020-06-19 12:32:35.712000,2020-06-19 12:32:35.761000,2020-06-19 12:32:35.842000,2020-06-19 12:32:35.928000,2020-06-19 12:32:35.929000,
70,hs_client_hsdir,built,,495B496867C84BBC92338301D924850F226E75DA,2020-06-19 12:32:35.760000,2020-06-19 12:32:35.769000,2020-06-19 12:32:35.822000,2020-06-19 12:32:35.927000,2020-06-19 12:32:36.044000,2020-06-19 12:32:36.045000,
71,hs_client_hsdir,built,,1786EAF6BBC5552B9917ED4D9465869772A15E6C,2020-06-19 12:32:35.903000,2020-06-19 12:32:35.927000,2020-06-19 12:32:35.981000,2020-06-19 12:32:36.065000,2020-06-19 12:32:36.365000,2020-06-19 12:32:36.366000,
72,hs_client_hsdir,built,,7D41FED58481A0E594C642E74176C811778D91A6,2020-06-19 12:32:35.921000,2020-06-19 12:32:35.936000,2020-06-19 12:32:35.981000,2020-06-19 12:32:36.110000,2020-06-19 12:32:36.253000,2020-06-19 12:32:36.111000,2020-06-19 12:32:36.253000
73,hs_client_hsdir,built,,A9F5135AE18C7E25C7C79117CD8C7619BFEB85ED,2020-06-19 12:32:36.042000,2020-06-19 12:32:36.055000,2020-06-19 12:32:36.213000,2020-06-19 12:32:36.449000,2020-06-19 12:32:36.718000,2020-06-19 12:32:36.718000,
74,hs_client_hsdir,built,,C5A6FEE5BC3BE19F5B9EB086CA95DAD393D8A4F6,2020-06-19 12:32:36.194000,2020-06-19 12:32:36.198000,2020-06-19 12:32:36.253000,2020-06-19 12:32:36.368000,2020-06-19 12:32:36.709000,2020-06-19 12:32:36.710000,
75,hs_client_hsdir,failed,destroyed,,2020-06-19 12:32:36.220000,2020-06-19 12:32:36.231000,2020-06-19 12:32:36.277000,,,2020-06-19 12:32:36.323000,
76,hs_client_hsdir,built,,01B70C7C497FC8667DB5EB82C40D8F9214D6A484,2020-06-19 12:32:36.367000,2020-06-19 12:32:36.377000,2020-06-19 12:32:36.423000,2020-06-19 12:32:36.560000,2020-06-19 12:32:36.875000,2020-06-19 12:32:36.875000,
77,hs_client_hsdir,built,,0C6842CCF836DE08EFEA0BD6C1471AE3463B9B71,2020-06-19 12:32:36.436000,2020-06-19 12:32:36.458000,2020-06-19 12:32:36.665000,2020-06-19 12:32:37.024000,2020-06-19 12:32:37.551000,2020-06-19 12:32:37.552000,
78,hs_client_hsdir,built,,9C5AFD49AAE4E0272BAD780C6DD71CE1A36012A6,2020-06-19 12:32:36.808000,2020-06-19 12:32:36.816000,2020-06-19 12:32:36.846000,2020-06-19 12:32:36.929000,2020-06-19 12:32:37.046000,2020-06-19 12:32:37.046000,
79,hs_client_hsdir,built,,0861F4966E199C0BA9DB1D904DB4BC843508F12C,2020-06-19 12:32:36.927000,2020-06-19 12:32:36.937000,2020-06-19 12:32:37.097000,2020-06-19 12:32:37.309000,2020-06-19 12:32:37.699000,2020-06-19 12:32:37.309000,2020-06-19 12:32:37.700000
80,hs_client_hsdir,built,,D907BCD0B9510C462EEB0688FD5421CD2E172B77,2020-06-19 12:32:36.987000,2020-06-19 12:32:36.989000,2020-06-19 12:32:37.045000,2020-06-19 12:32:37.182000,2020-06-19 12:32:37.388000,2020-06-19 12:32:37.389000,
81,hs_client_hsdir,built,,E3D61BAEA0B7CB12CACEDC8821C520557BDFCEA3,2020-06-19 12:32:37.173000,2020-06-19 12:32:37.190000,2020-06-19 12:32:37.215000,2020-06-19 12:32:37.298000,2020-06-19 12:32:37.422000,2020-06-19 12:32:37.422000,
82,hs_client_hsdir,built,,3F43D0584A2613C9DB631382FF486DC6B95EA1C8,2020-06-19 12:32:37.190000,2020-06-19 12:32:37.201000,2020-06-19 12:32:37.256000,2020-06-19 12:32:37.410000,2020-06-19 12:32:37.679000,2020-06-19 12:32:37.680000,
83,hs_client_hsdir,built,,59C0D88A5B3C65541CF63D0DD88EF15A379D378E,2020-06-19 12:32:37.201000,2020-06-19 12:32:37.205000,2020-06-19 12:32:37.256000,2020-06-19 12:32:37.354000,2020-06-19 12:32:37.508000,2020-06-19 12:32:37.509000,
84,hs_client_hsdir,built,,900777F6E1307328D5C39826356925FDECB0790B,2020-06-19 12:32:37.617000,2020-06-19 12:32:37.629000,2020-06-19 12:32:37.667000,2020-06-19 12:32:37.759000,2020-06-19 12:32:37.852000,2020-06-19 12:32:37.853000,
85,hs_client_hsdir,built,,B1080EA61CAF5763139E7B596F37FE9830311C8F,2020-06-19 12:32:37.633000,2020-06-19 12:32:37.679000,2020-06-19 12:32:37.719000,2020-06-19 12:32:37.812000,2020-06-19 12:32:37.938000,2020-06-19 12:32:37.939000,
86,hs_client_hsdir,built,,FEEF24CDF15BB59B418D1BF94A64BD3E62BB2CF3,2020-06-19 12:32:37.926000,2020-06-19 12:32:37.937000,2020-06-19 12:32:37.975000,2020-06-19 12:32:38.071000,2020-06-19 12:32:38.354000,2020-06-19 12:32:38.072000,2020-06-19 12:32:38.355000
87,hs_client_hsdir,built,,DE9B97B7E056FE1DFB2413C9E56AB25E72C5C2CD,2020-06-19 12:32:37.961000,2020-06-19 12:32:37.965000,2020-06-19 12:32:37.998000,2020-06-19 12:32:38.110000,2020-06-19 12:32:38.257000,2020-06-19 12:32:38.257000,
88,hs_client_hsdir,built,,5F0563F95CD43623AFD0BDA35DAC565CE9230A01,2020-06-19 12:32:38.188000,2020-06-19 12:32:38.192000,2020-06-19 12:32:38.226000,2020-06-19 12:32:38.269000,2020-06-19 12:32:38.371000,2020-06-19 12:32:38.371000,
89,hs_client_hsdir,built,,0935BA9178F9E3B50C99DD53F723865FC224CFA8,2020-06-19 12:32:38.268000,2020-06-19 12:32:38.278000,2020-06-19 12:32:38.322000,2020-06-19 12:32:38.394000,2020-06-19 12:32:38.492000,2020-06-19 12:32:38.493000,
90,hs_client_hsdir,built,,16BB0A28C79E7700E73C068C68F3366EB552424D,2020-06-19 12:32:38.400000,2020-06-19 12:32:38.436000,2020-06-19 12:32:38.502000,2020-06-19 12:32:38.597000,2020-06-19 12:32:38.805000,2020-06-19 12:32:38.806000,
91,hs_client_hsdir,built,,96E095D5CDBFC3988DEB708EC155346472402C32,2020-06-19 12:32:38.468000,2020-06-19 12:32:38.480000,2020-06-19 12:32:38.521000,2020-06-19 12:32:38.597000,2020-06-19 12:32:38.708000,2020-06-19 12:32:38.709000,
92,hs_client_hsdir,built,,07C7CFE3958C803F913730D980CE24094D7BC2A1,2020-06-19 12:32:38.616000,2020-06-19 12:32:38.631000,2020-06-19 12:32:38.668000,2020-06-19 12:32:38.739000,2020-06-19 12:32:38.827000,2020-06-19 12:32:38.828000,
93,hs_client_hsdir,built,,BD6FFF1AD5A88A8D43870D43EC4450081B4B2BBA,2020-06-19 12:32:38.631000,2020-06-19 12:32:38.633000,2020-06-19 12:32:38.677000,2020-06-19 12:32:38.772000,2020-06-19 12:32:38.895000,2020-06-19 12:32:38.896000,
94,hs_client_hsdir,built,,25E078CD1E537A7418318168F7E1990EF2A160C8,2020-06-19 12:32:38.927000,2020-06-19 12:32:38.951000,2020-06-19 12:32:39.039000,2020-06-19 12:32:39.091000,2020-06-19 12:32:39.261000,2020-06-19 12:32:39.092000,2020-06-19 12:32:39.261000
95,hs_client_hsdir,built,,30B6CF0FCBA0505FD7105907999C751D799AE4D2,2020-06-19 12:32:38.951000,2020-06-19 12:32:38.952000,2020-06-19 12:32:39.062000,2020-06-19 12:32:39.279000,2020-06-19 12:32:39.580000,2020-06-19 12:32:39.580000,
96,hs_client_hsdir,built,,D2F4DAC5918BB082A5CFAC5275B29FAC9B399B2B,2020-06-19 12:32:39.198000,2020-06-19 12:32:39.209000,2020-06-19 12:32:39.928000,2020-06-19 12:32:40.214000,2020-06-19 12:32:40.546000,2020-06-19 12:32:40.546000,
97,hs_client_hsdir,built,,EC65D72BB9668553999DE4E6CF380207ACA941EA,2020-06-19 12:32:39.203000,2020-06-19 12:32:39.219000,2020-06-19 12:32:39.295000,2020-06-19 12:32:39.458000,2020-06-19 12:32:39.581000,2020-06-19 12:32:39.582000,
98,hs_client_hsdir,built,,2F64EA527C4AA6F99E261318DD1FF127828E2525,2020-06-19 12:32:39.483000,2020-06-19 12:32:39.493000,2020-06-19 12:32:39.535000,2020-06-19 12:32:39.651000,2020-06-19 12:32:39.978000,2020-06-19 12:32:39.979000,
99,hs_client_hsdir,built,,15483893699246724B8135CC6F087767EA89A2D3,2020-06-19 12:32:39.765000,2020-06-19 12:32:39.766000,2020-06-19 12:32:39.807000,2020-06-19 12:32:39.888000,2020-06-19 12:32:40.010000,2020-06-19 12:32:40.010000,
100,hs_client_hsdir,built,,50E3CEA0D7EB9644B89B965743797279196775D5,2020-06-19 12:32:39.888000,2020-06-19 12:32:39.890000,2020-06-19 12:32:39.936000,2020-06-19 12:32:40,2020-06-19 12:32:40.238000,2020-06-19 12:32:40.239000,
101,hs_client_hsdir,built,,035396269F6D00503D1765DF36ED1B203A028D74,2020-06-19 12:32:39.927000,2020-06-19 12:32:39.936000,2020-06-19 12:32:39.966000,2020-06-19 12:32:40.071000,2020-06-19 12:32:40.329000,2020-06-19 12:32:40.072000,2020-06-19 12:32:40.329000
102,hs_client_hsdir,built,,BF29077D90DD65D8B15B2DFC876D25C76E5057FB,2020-06-19 12:32:40.202000,2020-06-19 12:32:40.205000,2020-06-19 12:32:40.267000,2020-06-19 12:32:40.351000,2020-06-19 12:32:40.472000,2020-06-19 12:32:40.472000,
103,hs_client_hsdir,built,,8C4ECFC848AF887DA98641FD649087D865161195,2020-06-19 12:32:40.476000,2020-06-19 12:32:40.533000,2020-06-19 12:32:40.567000,2020-06-19 12:32:40.667000,2020-06-19 12:32:40.866000,2020-06-19 12:32:40.867000,
104,hs_client_hsdir,built,,6F4E9FD00D4251D98BE96FB1AA546FE34676A95B,2020-06-19 12:32:40.494000,2020-06-19 12:32:40.545000,2020-06-19 12:32:40.587000,2020-06-19 12:32:40.668000,2020-06-19 12:32:40.845000,2020-06-19 12:32:40.846000,
105,hs_client_hsdir,built,,544CDB6C41F2431E16FB127262C42BFBE1E5950A,2020-06-19 12:32:40.603000,2020-06-19 12:32:40.605000,2020-06-19 12:32:40.646000,2020-06-19 12:32:40.690000,2020-06-19 12:32:40.790000,2020-06-19 12:32:40.791000,
106,hs_client_hsdir,built,,07A8A66164B8752A9E06D44AAB6219D89D6C10F6,2020-06-19 12:32:40.905000,2020-06-19 12:32:40.906000,2020-06-19 12:32:40.958000,2020-06-19 12:32:41.127000,2020-06-19 12:32:43.093000,2020-06-19 12:32:43.093000,
107,hs_client_rend,built,,,2020-06-19 12:32:40.938000,2020-06-19 12:32:40.942000,2020-06-19 12:32:41.179000,2020-06-19 12:32:41.366000,,2020-06-19 12:32:41.367000,
108,measure_timeout,built,,,2020-06-19 12:32:40.938000,2020-06-19 12:32:40.943000,2020-06-19 12:32:42.231000,2020-06-19 12:32:43.602000,2020-06-19 12:32:44.093000,2020-06-19 12:32:43.603000,2020-06-19 12:32:44.094000
109,hs_client_hsdir,built,,21014C8A0D9806B853203EF1137BD2E20E69D5D7,2020-06-19 12:32:40.938000,2020-06-19 12:32:40.943000,2020-06-19 12:32:40.988000,2020-06-19 12:32:41.081000,2020-06-19 12:32:41.551000,2020-06-19 12:32:41.081000,2020-06-19 12:32:41.551000
110,hs_client_hsdir,built,,949545960655C17A26F6525F67C554233CFE163F,2020-06-19 12:32:40.965000,2020-06-19 12:32:40.998000,2020-06-19 12:32:41.080000,2020-06-19 12:32:41.148000,2020-06-19 12:32:41.479000,2020-06-19 12:32:41.480000,
111,hs_client_hsdir,built,,6B805718A97BF653CB5546080BE756505F9BD65F,2020-06-19 12:32:41.034000,2020-06-19 12:32:41.080000,2020-06-19 12:32:41.103000,2020-06-19 12:32:41.332000,2020-06-19 12:32:41.471000,2020-06-19 12:32:41.472000,
112,hs_client_hsdir,built,,2F2B8D5BBA29F7DBD41163FF5187A77E446C527D,2020-06-19 12:32:41.079000,2020-06-19 12:32:41.082000,2020-06-19 12:32:41.159000,2020-06-19 12:32:41.368000,2020-06-19 12:32:41.675000,2020-06-19 12:32:41.675000,
113,hs_client_hsdir,failed,timeout,,2020-06-19 12:32:41.728000,2020-06-19 12:32:41.730000,2020-06-19 12:32:41.776000,2020-06-19 12:32:41.930000,,2020-06-19 12:32:45.927000,
114,hs_client_hsdir,built,,CA29603FE2143C9BF06AFE76AB5D7940194271C1,2020-06-19 12:32:41.929000,2020-06-19 12:32:41.932000,2020-06-19 12:32:42.051000,2020-06-19 12:32:42.265000,2020-06-19 12:32:43.013000,2020-06-19 12:32:42.266000,2020-06-19 12:32:43.014000
115,hs_client_hsdir,built,,F0B60D25C2E83EA707C2886CFA59CDFE026A0D59,2020-06-19 12:32:42.155000,2020-06-19 12:32:42.175000,2020-06-19 12:32:42.220000,2020-06-19 12:32:42.294000,2020-06-19 12:32:42.495000,2020-06-19 12:32:42.496000,
116,hs_client_hsdir,built,,6070687DFC4890E14064B25E1AFA7D10B34CE2E9,2020-06-19 12:32:42.175000,2020-06-19 12:32:42.187000,2020-06-19 12:32:42.220000,2020-06-19 12:32:42.284000,2020-06-19 12:32:42.524000,2020-06-19 12:32:42.525000,
117,hs_client_hsdir,built,,B054EDB566826DFE1529C18D99F3F46E16CBE8F7,2020-06-19 12:32:42.201000,2020-06-19 12:32:42.230000,2020-06-19 12:32:42.303000,2020-06-19 12:32:42.359000,2020-06-19 12:32:42.533000,2020-06-19 12:32:42.534000,
118,hs_client_hsdir,built,,F43C497039F836FE32DE416F4CBD97892C3F6E9E,2020-06-19 12:32:42.924000,2020-06-19 12:32:42.941000,2020-06-19 12:32:43.002000,2020-06-19 12:32:43.167000,2020-06-19 12:32:43.378000,2020-06-19 12:32:43.168000,2020-06-19 12:32:43.378000
119,hs_client_hsdir,built,,038C30D2AD053147C91EFB1291527ED621D7D1B1,2020-06-19 12:32:43.063000,2020-06-19 12:32:43.071000,2020-06-19 12:32:43.106000,2020-06-19 12:32:43.169000,2020-06-19 12:32:43.319000,2020-06-19 12:32:43.320000,
120,hs_client_hsdir,built,,02740F472D1DA5C1B77475F18940FE79F15AF4B8,2020-06-19 12:32:43.312000,2020-06-19 12:32:43.319000,2020-06-19 12:32:43.351000,2020-06-19 12:32:43.398000,2020-06-19 12:32:43.590000,2020-06-19 12:32:43.591000,
121,hs_client_hsdir,built,,CB72A74E8197DF3B33EE6A0895E5BB871D10CF92,2020-06-19 12:32:43.510000,2020-06-19 12:32:43.513000,2020-06-19 12:32:43.589000,2020-06-19 12:32:43.697000,2020-06-19 12:32:43.883000,2020-06-19 12:32:43.883000,
122,hs_client_intro,built,,,2020-06-19 12:32:43.628000,2020-06-19 12:32:43.638000,2020-06-19 12:32:43.682000,2020-06-19 12:32:43.842000,2020-06-19 12:32:44.090000,2020-06-19 12:32:44.091000,
123,hs_client_hsdir,built,,9E9C2223EA179F52BA73A24BFDE2E44DCA468EEF,2020-06-19 12:32:43.628000,2020-06-19 12:32:43.638000,2020-06-19 12:32:43.696000,2020-06-19 12:32:43.788000,2020-06-19 12:32:44.052000,2020-06-19 12:32:44.053000,
124,hs_client_hsdir,built,,7ECA69E17114EA19330BEEDF6FAA1F0BA1D05C98,2020-06-19 12:32:43.772000,2020-06-19 12:32:43.776000,2020-06-19 12:32:43.841000,2020-06-19 12:32:43.955000,2020-06-19 12:32:44.948000,2020-06-19 12:32:44.949000,
125,hs_client_hsdir,built,,F664E5E50B4D216E5940DA7E9CF653F5F9DC561B,2020-06-19 12:32:43.932000,2020-06-19 12:32:43.947000,2020-06-19 12:32:43.977000,2020-06-19 12:32:44.089000,2020-06-19 12:32:44.480000,2020-06-19 12:32:44.090000,2020-06-19 12:32:44.480000
126,hs_client_hsdir,built,,B04EA2B400D9679E72284E12FB81E68756670A3A,2020-06-19 12:32:44.050000,2020-06-19 12:32:44.088000,2020-06-19 12:32:44.116000,2020-06-19 12:32:44.253000,2020-06-19 12:32:44.405000,2020-06-19 12:32:44.406000,
127,hs_client_hsdir,built,,5099AA94537F2ECEB5E4F2B05E142BEC138076DA,2020-06-19 12:32:44.333000,2020-06-19 12:32:44.343000,2020-06-19 12:32:44.393000,2020-06-19 12:32:44.484000,2020-06-19 12:32:44.773000,2020-06-19 12:32:44.774000,
128,hs_client_hsdir,built,,92A125B9AB491AFC084E4257B552D0FB56090CB3,2020-06-19 12:32:44.553000,2020-06-19 12:32:44.555000,2020-06-19 12:32:44.623000,2020-06-19 12:32:44.685000,2020-06-19 12:32:44.802000,2020-06-19 12:32:44.802000,
129,hs_client_hsdir,built,,3A27CC4147062E4EFDF46F848FEA7FF032A04E5F,2020-06-19 12:32:44.767000,2020-06-19 12:32:44.773000,2020-06-19 12:32:44.820000,2020-06-19 12:32:44.935000,2020-06-19 12:32:45.083000,2020-06-19 12:32:45.084000,
130,hs_client_hsdir,built,,16DB78459B845F4E728405EB694E32929E2B318A,2020-06-19 12:32:44.932000,2020-06-19 12:32:44.947000,2020-06-19 12:32:45.022000,2020-06-19 12:32:45.116000,2020-06-19 12:32:45.347000,2020-06-19 12:32:45.117000,2020-06-19 12:32:45.348000
131,hs_client_hsdir,built,,B940AAC942E9929E673C3533F510C5261B50790C,2020-06-19 12:32:45.208000,2020-06-19 12:32:45.213000,2020-06-19 12:32:45.255000,2020-06-19 12:32:45.321000,2020-06-19 12:32:45.463000,2020-06-19 12:32:45.463000,
132,hs_client_hsdir,built,,2E44E8EB8C7711C1157BD8025F07165CFF8FA2B6,2020-06-19 12:32:45.232000,2020-06-19 12:32:45.234000,2020-06-19 12:32:45.291000,2020-06-19 12:32:45.366000,2020-06-19 12:32:45.476000,2020-06-19 12:32:45.476000,
133,hs_client_hsdir,built,,D54247E35545388D9C42E4716EDC59F67907789F,2020-06-19 12:32:45.424000,2020-06-19 12:32:45.437000,2020-06-19 12:32:45.485000,2020-06-19 12:32:45.552000,2020-06-19 12:32:45.644000,2020-06-19 12:32:45.645000,
134,hs_client_hsdir,built,,42D56EBD87E2BFB46F9D2A3CC48913B4D35A3C55,2020-06-19 12:32:45.552000,2020-06-19 12:32:45.563000,2020-06-19 12:32:45.639000,2020-06-19 12:32:45.741000,2020-06-19 12:32:45.995000,2020-06-19 12:32:45.995000,
135,hs_client_hsdir,built,,94890F37CE0CD5D020773CA7A0E397AA592E5AF3,2020-06-19 12:32:45.598000,2020-06-19 12:32:45.638000,2020-06-19 12:32:45.664000,2020-06-19 12:32:45.728000,2020-06-19 12:32:45.829000,2020-06-19 12:32:45.829000,
136,hs_client_hsdir,built,,7F04E089C6BED83E04FB2AE196BDE34B808094F5,2020-06-19 12:32:45.599000,2020-06-19 12:32:45.638000,2020-06-19 12:32:45.674000,2020-06-19 12:32:45.729000,2020-06-19 12:32:45.931000,2020-06-19 12:32:45.931000,
137,hs_client_hsdir,built,,38CC95A8CE92A591D4A5779359BEFFBA13FA1B88,2020-06-19 12:32:45.826000,2020-06-19 12:32:45.835000,2020-06-19 12:32:45.869000,2020-06-19 12:32:45.994000,2020-06-19 12:32:46.130000,2020-06-19 12:32:46.130000,
138,measure_timeout,built,timeout,,2020-06-19 12:32:45.927000,2020-06-19 12:32:45.931000,2020-06-19 12:32:47.223000,2020-06-19 12:32:47.814000,2020-06-19 12:32:48.519000,2020-06-19 12:32:47.814000,2020-06-19 12:32:48.520000
139,hs_client_hsdir,built,,6AB81CF1E2C9AC8074B097069463A78C3B90913D,2020-06-19 12:32:45.927000,2020-06-19 12:32:45.931000,2020-06-19 12:32:46.004000,2020-06-19 12:32:46.203000,2020-06-19 12:32:47.391000,2020-06-19 12:32:46.203000,2020-06-19 12:32:47.392000
140,hs_client_hsdir,built,,0077BCBA7244DB3E6A5ED2746E86170066684887,2020-06-19 12:32:45.973000,2020-06-19 12:32:45.983000,2020-06-19 12:32:46.052000,2020-06-19 12:32:46.281000,2020-06-19 12:32:46.515000,2020-06-19 12:32:46.515000,
141,hs_client_hsdir,built,,7ED3D8AFAC750F8CC0BDF8C87FE3BCBA2BBE2209,2020-06-19 12:32:46.149000,2020-06-19 12:32:46.176000,2020-06-19 12:32:46.223000,2020-06-19 12:32:46.300000,2020-06-19 12:32:46.462000,2020-06-19 12:32:46.463000,
142,hs_client_hsdir,built,,E2BAAFECE5C3D3B4FFE6173B3097948E0F730623,2020-06-19 12:32:46.203000,2020-06-19 12:32:46.210000,2020-06-19 12:32:46.291000,2020-06-19 12:32:46.364000,2020-06-19 12:32:46.464000,2020-06-19 12:32:46.465000,
143,hs_client_hsdir,built,,32C1100B5EF19A5BFBB431E8D42781C2D09D31C3,2020-06-19 12:32:46.577000,2020-06-19 12:32:46.585000,2020-06-19 12:32:46.623000,2020-06-19 12:32:46.674000,2020-06-19 12:32:46.764000,2020-06-19 12:32:46.765000,
144,hs_client_hsdir,failed,timeout,,2020-06-19 12:32:46.593000,2020-06-19 12:32:46.602000,2020-06-19 12:32:46.700000,,,2020-06-19 12:32:50.935000,
145,hs_client_hsdir,built,,89E9C86FF74CADFE468EC9B1E7FC7ADC0118E6EE,2020-06-19 12:32:46.921000,2020-06-19 12:32:46.965000,2020-06-19 12:32:47.015000,2020-06-19 12:32:47.092000,2020-06-19 12:32:47.300000,2020-06-19 12:32:47.094000,2020-06-19 12:32:47.300000
146,hs_client_hsdir,failed,destroyed,,2020-06-19 12:32:47.410000,2020-06-19 12:32:47.413000,,,,2020-06-19 12:32:47.439000,
147,hs_client_hsdir,built,,4D2FCB3C654AD6AFCA4AF87E87AE72735F643D8B,2020-06-19 12:32:47.814000,2020-06-19 12:32:47.823000,2020-06-19 12:32:47.860000,2020-06-19 12:32:47.947000,2020-06-19 12:32:48.069000,2020-06-19 12:32:48.069000,
148,hs_client_hsdir,built,,6118DDB580EEDD6FE5F8D3CC0DF1EE17D8A2A4C6,2020-06-19 12:32:47.814000,2020-06-19 12:32:47.823000,2020-06-19 12:32:47.851000,2020-06-19 12:32:47.915000,2020-06-19 12:32:48.018000,2020-06-19 12:32:48.019000,
149,hs_client_hsdir,built,,DE753F3E8AE2507634233B8FE6C2B482262005C2,2020-06-19 12:32:47.945000,2020-06-19 12:32:47.956000,2020-06-19 12:32:48.007000,2020-06-19 12:32:48.160000,2020-06-19 12:32:48.432000,2020-06-19 12:32:48.433000,
150,hs_client_hsdir,built,,DEF8C760A79FEF2358E03AE5A1950086ABEB953E,2020-06-19 12:32:47.946000,2020-06-19 12:32:47.956000,2020-06-19 12:32:47.985000,2020-06-19 12:32:48.069000,2020-06-19 12:32:48.200000,2020-06-19 12:32:48.069000,2020-06-19 12:32:48.200000
151,measure_timeout,built,timeout,,2020-06-19 12:32:48.198000,2020-06-19 12:32:48.209000,2020-06-19 12:32:49.461000,2020-06-19 12:32:49.874000,2020-06-19 12:32:50.331000,2020-06-19 12:32:49.874000,2020-06-19 12:32:50.331000
152,hs_client_hsdir,built,,C2F653A5CEE30C8D5713FA4AE7F75E992A479196,2020-06-19 12:32:48.207000,2020-06-19 12:32:48.253000,2020-06-19 12:32:48.487000,2020-06-19 12:32:48.689000,2020-06-19 12:32:49.006000,2020-06-19 12:32:49.006000,
153,hs_client_hsdir,built,,803FB98BA0FE1709C087E9138CC6096F22083CA5,2020-06-19 12:32:48.429000,2020-06-19 12:32:48.443000,2020-06-19 12:32:48.497000,2020-06-19 12:32:48.568000,2020-06-19 12:32:48.969000,2020-06-19 12:32:48.970000,
154,hs_client_hsdir,built,,5835654384EA7DB06B2581A3999730F15E51922F,2020-06-19 12:32:48.742000,2020-06-19 12:32:48.751000,2020-06-19 12:32:48.802000,2020-06-19 12:32:48.908000,2020-06-19 12:32:49.139000,2020-06-19 12:32:49.140000,
155,hs_client_hsdir,built,,E3C80B91620F9B4352C403B2D692C09403DA2599,2020-06-19 12:32:48.930000,2020-06-19 12:32:48.957000,2020-06-19 12:32:49.014000,2020-06-19 12:32:49.096000,2020-06-19 12:32:49.462000,2020-06-19 12:32:49.097000,2020-06-19 12:32:49.462000
156,hs_client_hsdir,built,,AE1337069C16BD843B6767328919C3349770459D,2020-06-19 12:32:49.414000,2020-06-19 12:32:49.427000,2020-06-19 12:32:49.501000,2020-06-19 12:32:49.703000,2020-06-19 12:32:49.951000,2020-06-19 12:32:49.951000,
157,hs_client_hsdir,built,,25F49247646F1F9C9C4B31217AE004308B271359,2020-06-19 12:32:49.754000,2020-06-19 12:32:49.767000,2020-06-19 12:32:49.872000,2020-06-19 12:32:50.055000,2020-06-19 12:32:50.519000,2020-06-19 12:32:50.520000,
158,hs_client_hsdir,built,,46F90EF3A3628C134DBB4654D0E4FF7EB914B690,2020-06-19 12:32:49.873000,2020-06-19 12:32:49.882000,2020-06-19 12:32:49.962000,2020-06-19 12:32:50.080000,2020-06-19 12:32:50.227000,2020-06-19 12:32:50.227000,
159,hs_client_hsdir,built,,9D5A7A81BC6194555CE751F75FB196E4A3982CC5,2020-06-19 12:32:49.950000,2020-06-19 12:32:49.961000,2020-06-19 12:32:50.001000,2020-06-19 12:32:50.056000,2020-06-19 12:32:50.149000,2020-06-19 12:32:50.149000,
160,hs_client_hsdir,built,,9E624E0E5EBA3156BFDA98AC703BCFF95E9A2FF6,2020-06-19 12:32:49.950000,2020-06-19 12:32:49.962000,2020-06-19 12:32:50.011000,2020-06-19 12:32:50.105000,2020-06-19 12:32:50.364000,2020-06-19 12:32:50.106000,2020-06-19 12:32:50.365000
161,hs_client_hsdir,built,,74CD4EA6ABA75B1A6D7C222D8567AAB60A6E994C,2020-06-19 12:32:50.247000,2020-06-19 12:32:50.259000,2020-06-19 12:32:50.322000,2020-06-19 12:32:50.385000,2020-06-19 12:32:50.734000,2020-06-19 12:32:50.735000,
162,hs_client_hsdir,built,,0A63DB94EF5E2446D3A1303CEA0EB9C7A8EC7615,2020-06-19 12:32:50.402000,2020-06-19 12:32:50.408000,2020-06-19 12:32:50.539000,2020-06-19 12:32:50.763000,2020-06-19 12:32:51.330000,2020-06-19 12:32:51.331000,
163,hs_client_hsdir,built,,85D4088148B1A6954C9BFFFCA010E85E0AA88FF0,2020-06-19 12:32:50.538000,2020-06-19 12:32:50.547000,2020-06-19 12:32:50.635000,2020-06-19 12:32:50.703000,2020-06-19 12:32:50.797000,2020-06-19 12:32:50.798000,
164,hs_client_hsdir,built,,DAEF8B8B799C711A86350FDC4337B2B3A75B97C9,2020-06-19 12:32:50.920000,2020-06-19 12:32:50.936000,2020-06-19 12:32:50.998000,2020-06-19 12:32:51.102000,2020-06-19 12:32:51.208000,2020-06-19 12:32:51.208000,
165,hs_client_hsdir,built,,C333C56EAAD404ACDDE2FB3A675C5F5DA46A81E2,2020-06-19 12:32:50.936000,2020-06-19 12:32:50.938000,2020-06-19 12:32:50.964000,2020-06-19 12:32:51.020000,2020-06-19 12:32:51.132000,2020-06-19 12:32:51.133000,
166,hs_client_hsdir,built,,11ABDB4D0B944F186A898560CB82C70439957DCA,2020-06-19 12:32:50.936000,2020-06-19 12:32:50.938000,2020-06-19 12:32:51.008000,2020-06-19 12:32:51.141000,2020-06-19 12:32:51.360000,2020-06-19 12:32:51.142000,2020-06-19 12:32:51.360000
167,hs_client_hsdir,built,,0515C09FF6F72644B922C8D99128489FA53BA1FC,2020-06-19 12:32:51.303000,2020-06-19 12:32:51.329000,2020-06-19 12:32:51.414000,2020-06-19 12:32:51.571000,2020-06-19 12:32:51.805000,2020-06-19 12:32:51.806000,
168,hs_client_hsdir,built,,32B1913ADEAB0EC6D87516995D755D7D5A44FE56,2020-06-19 12:32:51.310000,2020-06-19 12:32:51.330000,2020-06-19 12:32:51.499000,2020-06-19 12:32:51.814000,2020-06-19 12:32:52.354000,2020-06-19 12:32:52.354000,
169,measure_timeout,failed,timeout,,2020-06-19 12:32:51.344000,2020-06-19 12:32:51.360000,2020-06-19 12:32:51.414000,2020-06-19 12:32:51.511000,,2020-06-19 12:32:54.957000,2020-06-19 12:33:22.999000
170,hs_client_hsdir,built,,7C5C0E83CA290FFF6D5E30D9E0E3FFC9BAE0D0C5,2020-06-19 12:32:51.357000,2020-06-19 12:32:51.370000,2020-06-19 12:32:52.048000,2020-06-19 12:32:52.844000,2020-06-19 12:32:53.447000,2020-06-19 12:32:53.448000,
171,hs_client_hsdir,built,,3033FD18BBD658C5ECE926FB17D2269BFE337358,2020-06-19 12:32:51.560000,2020-06-19 12:32:51.571000,2020-06-19 12:32:51.630000,2020-06-19 12:32:51.704000,2020-06-19 12:32:51.807000,2020-06-19 12:32:51.808000,
172,hs_client_hsdir,built,,5C13E10889688626EDA8061779FA85917797A627,2020-06-19 12:32:51.919000,2020-06-19 12:32:51.922000,2020-06-19 12:32:51.961000,2020-06-19 12:32:52.060000,2020-06-19 12:32:52.196000,2020-06-19 12:32:52.196000,
173,hs_client_hsdir,built,,96DCD1D17C1F0FA4DED207C148E54C0A55553076,2020-06-19 12:32:51.921000,2020-06-19 12:32:51.942000,2020-06-19 12:32:52.084000,2020-06-19 12:32:52.355000,2020-06-19 12:32:53.135000,2020-06-19 12:32:52.356000,2020-06-19 12:32:53.136000
174,hs_client_hsdir,built,,8BC6D388C2768F6BB99FB15C12EA4401D78AC675,2020-06-19 12:32:52.047000,2020-06-19 12:32:52.049000,2020-06-19 12:32:52.138000,2020-06-19 12:32:52.248000,2020-06-19 12:32:52.507000,2020-06-19 12:32:52.507000,
175,hs_client_hsdir,built,,867663D188FDA58EEB82850E6F4C4F82D2B667BD,2020-06-19 12:32:52.126000,2020-06-19 12:32:52.129000,2020-06-19 12:32:52.183000,2020-06-19 12:32:52.547000,2020-06-19 12:32:52.737000,2020-06-19 12:32:52.738000,
176,hs_client_hsdir,built,,60E4C5E306D2DB22890EE24A09F9B6C30AF396A8,2020-06-19 12:32:52.209000,2020-06-19 12:32:52.248000,2020-06-19 12:32:52.296000,2020-06-19 12:32:52.441000,2020-06-19 12:32:52.607000,2020-06-19 12:32:52.607000,
177,hs_client_hsdir,built,,FB4BC8A17AD016963AA34EB98060F475DBB2DD9D,2020-06-19 12:32:52.351000,2020-06-19 12:32:52.358000,2020-06-19 12:32:52.379000,2020-06-19 12:32:52.461000,2020-06-19 12:32:52.588000,2020-06-19 12:32:52.589000,
178,hs_client_hsdir,built,,892A827BF67DB270E303677A33FE577069DDE558,2020-06-19 12:32:52.750000,2020-06-19 12:32:52.789000,2020-06-19 12:32:52.843000,2020-06-19 12:32:52.903000,2020-06-19 12:32:53.002000,2020-06-19 12:32:53.003000,
179,hs_client_hsdir,built,,539ABCC9AF0FD80278E89457A1663DABAEBF81DD,2020-06-19 12:32:52.786000,2020-06-19 12:32:52.789000,2020-06-19 12:32:52.843000,2020-06-19 12:32:52.940000,2020-06-19 12:32:53.094000,2020-06-19 12:32:53.094000,
180,hs_client_hsdir,built,,721E494B0E06554D8F9A169BDBF17282C07B2588,2020-06-19 12:32:52.939000,2020-06-19 12:32:52.966000,2020-06-19 12:32:53.002000,2020-06-19 12:32:53.051000,2020-06-19 12:32:53.347000,2020-06-19 12:32:53.052000,2020-06-19 12:32:53.347000
181,hs_client_hsdir,built,,DA5C9A58DBD49E83821BC56FCBC8AD9209680CA3,2020-06-19 12:32:52.966000,2020-06-19 12:32:52.979000,2020-06-19 12:32:53.027000,2020-06-19 12:32:53.134000,2020-06-19 12:32:53.348000,2020-06-19 12:32:53.349000,
182,hs_client_hsdir,built,,37A831DCC0027923A474F1277F6261EE8D9D0B46,2020-06-19 12:32:52.978000,2020-06-19 12:32:52.985000,2020-06-19 12:32:53.040000,2020-06-19 12:32:53.184000,2020-06-19 12:32:53.521000,2020-06-19 12:32:53.522000,
183,hs_client_hsdir,built,,00962D2DD0B9BF3A6AF1D5EB201132388ACA1424,2020-06-19 12:32:53.221000,2020-06-19 12:32:53.234000,2020-06-19 12:32:53.291000,2020-06-19 12:32:53.574000,2020-06-19 12:32:53.989000,2020-06-19 12:32:53.990000,
184,hs_client_hsdir,built,,FE9CB0E0629636EBD8D0C71F46E387B944C01BCF,2020-06-19 12:32:53.230000,2020-06-19 12:32:53.245000,2020-06-19 12:32:53.462000,2020-06-19 12:32:53.809000,2020-06-19 12:32:54.198000,2020-06-19 12:32:54.198000,
185,hs_client_hsdir,built,,9A0AAF2E43BE3744CD1D6CD532C861F5A568F7A9,2020-06-19 12:32:53.578000,2020-06-19 12:32:53.618000,2020-06-19 12:32:53.698000,2020-06-19 12:32:53.831000,2020-06-19 12:32:55.188000,2020-06-19 12:32:55.189000,
186,hs_client_hsdir,built,,8D7A12CE72DDD9A1FC6B18BC3704C136FD1444C0,2020-06-19 12:32:53.691000,2020-06-19 12:32:53.707000,2020-06-19 12:32:53.756000,2020-06-19 12:32:53.951000,2020-06-19 12:32:54.375000,2020-06-19 12:32:54.376000,
187,hs_client_hsdir,failed,timeout,,2020-06-19 12:32:53.707000,2020-06-19 12:32:53.713000,2020-06-19 12:32:53.756000,2020-06-19 12:32:53.998000,,2020-06-19 12:32:57.936000,
188,hs_client_hsdir,built,,51374C8DA459C67329FFD5C7502CCAE4194910CC,2020-06-19 12:32:53.929000,2020-06-19 12:32:53.941000,2020-06-19 12:32:53.975000,2020-06-19 12:32:54.030000,2020-06-19 12:32:54.474000,2020-06-19 12:32:54.031000,2020-06-19 12:32:54.475000
189,hs_client_hsdir,built,,41E041EC676622FFEE59F56BC75B99CD0D47F653,2020-06-19 12:32:53.946000,2020-06-19 12:32:53.950000,2020-06-19 12:32:54.011000,2020-06-19 12:32:54.077000,2020-06-19 12:32:54.334000,2020-06-19 12:32:54.335000,
190,hs_client_hsdir,built,,1F0CBF9F9DE1E372F969BA31D2D214F3CA5DDECD,2020-06-19 12:32:54.443000,2020-06-19 12:32:54.445000,2020-06-19 12:32:54.494000,2020-06-19 12:32:54.588000,2020-06-19 12:32:54.826000,2020-06-19 12:32:54.826000,
191,hs_client_hsdir,built,,438DC9B6B5C5375D332BB338D7E5C1B9EF448960,2020-06-19 12:32:54.474000,2020-06-19 12:32:54.483000,2020-06-19 12:32:54.543000,2020-06-19 12:32:54.645000,2020-06-19 12:32:54.817000,2020-06-19 12:32:54.817000,
192,hs_client_hsdir,built,,1A3AC11BF85CE386E19863F5CDF7769BA30E4A06,2020-06-19 12:32:54.708000,2020-06-19 12:32:54.709000,2020-06-19 12:32:54.773000,2020-06-19 12:32:54.853000,2020-06-19 12:32:55.012000,2020-06-19 12:32:55.013000,
193,hs_client_hsdir,built,,70F09E981D6D4A34A35F248F0C873CBA356A0612,2020-06-19 12:32:54.814000,2020-06-19 12:32:54.826000,2020-06-19 12:32:54.866000,2020-06-19 12:32:54.986000,2020-06-19 12:32:55.407000,2020-06-19 12:32:55.407000,
194,hs_client_hsdir,built,,5B9BB7A543C2C035A423A6B411780E50645782C0,2020-06-19 12:32:54.958000,2020-06-19 12:32:54.980000,2020-06-19 12:32:55.076000,2020-06-19 12:32:55.243000,2020-06-19 12:32:55.497000,2020-06-19 12:32:55.497000,
195,hs_client_hsdir,failed,destroyed,,2020-06-19 12:32:54.959000,2020-06-19 12:32:54.981000,2020-06-19 12:32:55.035000,2020-06-19 12:32:55.185000,,2020-06-19 12:32:55.187000,2020-06-19 12:32:55.281000
196,hs_client_hsdir,built,,208E965E695D64A4653BAC2119DECCA4B317EA3D,2020-06-19 12:32:54.991000,2020-06-19 12:32:55.022000,2020-06-19 12:32:55.087000,2020-06-19 12:32:55.256000,2020-06-19 12:32:55.444000,2020-06-19 12:32:55.445000,
197,hs_client_hsdir,built,,47F9D1E0155089917FFA734EF759089326C3761A,2020-06-19 12:32:55.208000,2020-06-19 12:32:55.222000,2020-06-19 12:32:55.280000,2020-06-19 12:32:55.493000,2020-06-19 12:32:57.212000,2020-06-19 12:32:57.212000,
198,hs_client_hsdir,built,,4F78FD43EC5E8632AD5DB6D0B24FBF59FEB97B3B,2020-06-19 12:32:55.408000,2020-06-19 12:32:55.419000,2020-06-19 12:32:55.496000,2020-06-19 12:32:55.869000,2020-06-19 12:32:56.446000,2020-06-19 12:32:56.447000,
199,hs_client_hsdir,failed,timeout,,2020-06-19 12:32:55.582000,2020-06-19 12:32:55.584000,2020-06-19 12:32:55.647000,,,2020-06-19 12:32:59.957000,
200,hs_client_hsdir,built,,E7C1FAFB7525149A0E911512F511D942BA5EEAAF,2020-06-19 12:32:55.647000,2020-06-19 12:32:55.648000,2020-06-19 12:32:55.751000,2020-06-19 12:32:55.870000,2020-06-19 12:32:56.119000,2020-06-19 12:32:56.119000,
201,hs_client_hsdir,built,,31C5463AE0C9B953CD60C4EAE2AC684BBEBBE80B,2020-06-19 12:32:55.687000,2020-06-19 12:32:55.689000,2020-06-19 12:32:55.742000,2020-06-19 12:32:55.812000,2020-06-19 12:32:55.891000,2020-06-19 12:32:55.892000,
202,hs_client_hsdir,built,,3548129E3B54BF4B833BBCBAE214DB05CA46AE6B,2020-06-19 12:32:55.938000,2020-06-19 12:32:55.941000,2020-06-19 12:32:55.987000,2020-06-19 12:32:56.038000,2020-06-19 12:32:56.326000,2020-06-19 12:32:56.039000,2020-06-19 12:32:56.327000
203,hs_client_hsdir,built,,D8DF9660261B158A9DF6C3D7D63DD92B0FD5B9F7,2020-06-19 12:32:56.551000,2020-06-19 12:32:56.552000,2020-06-19 12:32:56.615000,2020-06-19 12:32:56.808000,2020-06-19 12:32:57.146000,2020-06-19 12:32:57.147000,
204,hs_client_hsdir,built,,66905A83A4858A4DD075AEA0514377A9F59E110D,2020-06-19 12:32:56.931000,2020-06-19 12:32:56.934000,2020-06-19 12:32:56.986000,2020-06-19 12:32:57.080000,2020-06-19 12:32:57.328000,2020-06-19 12:32:57.081000,2020-06-19 12:32:57.328000
205,hs_client_hsdir,built,,F1C8901A569F67638748D7BE97969541B3ECC59D,2020-06-19 12:32:57.291000,2020-06-19 12:32:57.294000,2020-06-19 12:32:57.383000,2020-06-19 12:32:57.456000,2020-06-19 12:32:57.522000,2020-06-19 12:32:57.523000,
206,measure_timeout,built,timeout,,2020-06-19 12:32:57.476000,2020-06-19 12:32:57.492000,2020-06-19 12:32:57.543000,2020-06-19 12:32:57.647000,2020-06-19 12:33:18.156000,2020-06-19 12:33:01.965000,2020-06-19 12:33:18.157000
207,measure_timeout,built,timeout,,2020-06-19 12:32:57.491000,2020-06-19 12:32:57.501000,2020-06-19 12:32:57.553000,2020-06-19 12:32:57.649000,2020-06-19 12:33:02.179000,2020-06-19 12:33:01.966000,2020-06-19 12:33:02.180000
208,hs_client_hsdir,built,,B5212DB685A2A0FCFBAE425738E478D12361710D,2020-06-19 12:32:57.691000,2020-06-19 12:32:57.699000,2020-06-19 12:32:57.743000,2020-06-19 12:32:57.936000,2020-06-19 12:32:58.206000,2020-06-19 12:32:58.207000,
209,hs_client_hsdir,built,,1850585BE9BCA1F80D0A051909C94E49D1C49ED3,2020-06-19 12:32:57.936000,2020-06-19 12:32:57.948000,2020-06-19 12:32:58.455000,2020-06-19 12:32:58.643000,2020-06-19 12:32:58.949000,2020-06-19 12:32:58.949000,
210,hs_client_hsdir,built,,348B89013EDDD99E4755951D1EC284D9FED71226,2020-06-19 12:32:57.937000,2020-06-19 12:32:57.948000,2020-06-19 12:32:58.013000,2020-06-19 12:32:58.165000,2020-06-19 12:32:58.371000,2020-06-19 12:32:58.167000,2020-06-19 12:32:58.372000
211,hs_client_hsdir,failed,timeout,,2020-06-19 12:32:57.990000,2020-06-19 12:32:58.002000,,,,2020-06-19 12:33:01.966000,
212,hs_client_hsdir,built,,365F393040AA2979DC01D102F5052CAD048F42F7,2020-06-19 12:32:58.500000,2020-06-19 12:32:58.512000,2020-06-19 12:32:58.567000,2020-06-19 12:32:58.662000,2020-06-19 12:32:58.887000,2020-06-19 12:32:58.888000,
213,measure_timeout,built,timeout,,2020-06-19 12:32:58.538000,2020-06-19 12:32:58.547000,2020-06-19 12:33:03.738000,2020-06-19 12:33:14.401000,2020-06-19 12:33:14.583000,2020-06-19 12:33:02.973000,2020-06-19 12:33:14.584000
214,hs_client_hsdir,built,,2F33A834C3216E8F41684B5114A7ABE68E216B3B,2020-06-19 12:32:58.928000,2020-06-19 12:32:58.937000,2020-06-19 12:32:58.993000,2020-06-19 12:32:59.094000,2020-06-19 12:32:59.338000,2020-06-19 12:32:59.096000,2020-06-19 12:32:59.339000
215,hs_client_hsdir,built,,DA6E7D260C7CDE5AAC1CE1BA05692CDBF5247C8D,2020-06-19 12:32:59.295000,2020-06-19 12:32:59.296000,2020-06-19 12:32:59.345000,2020-06-19 12:32:59.412000,2020-06-19 12:32:59.651000,2020-06-19 12:32:59.652000,
216,hs_client_hsdir,built,,D35682AB6E29D91AA030E03A9BEB42700D96A1EF,2020-06-19 12:32:59.508000,2020-06-19 12:32:59.519000,2020-06-19 12:32:59.572000,2020-06-19 12:32:59.657000,2020-06-19 12:32:59.898000,2020-06-19 12:32:59.899000,
217,hs_client_hsdir,built,,CC91DDE18C160EC137E04EC1E74508187BAE7707,2020-06-19 12:32:59.958000,2020-06-19 12:32:59.960000,2020-06-19 12:33:00.005000,2020-06-19 12:33:00.070000,2020-06-19 12:33:00.364000,2020-06-19 12:33:00.365000,
218,hs_client_hsdir,built,,903044B185D293317A0CB4E7EB7FF898B076E3CB,2020-06-19 12:32:59.959000,2020-06-19 12:32:59.961000,2020-06-19 12:33:00.649000,2020-06-19 12:33:00.888000,2020-06-19 12:33:01.470000,2020-06-19 12:33:00.889000,2020-06-19 12:33:01.470000
219,hs_client_hsdir,built,,80AAF8D5956A43C197104CEF2550CD42D165C6FB,2020-06-19 12:33:00.171000,2020-06-19 12:33:00.182000,2020-06-19 12:33:00.202000,2020-06-19 12:33:00.258000,2020-06-19 12:33:00.388000,2020-06-19 12:33:00.388000,
220,hs_client_hsdir,built,,7584319D0E19DAE85621223E2A22F92123EAB815,2020-06-19 12:33:00.210000,2020-06-19 12:33:00.258000,2020-06-19 12:33:00.300000,2020-06-19 12:33:00.386000,2020-06-19 12:33:00.771000,2020-06-19 12:33:00.772000,
221,hs_client_hsdir,built,,AD55F7D9B105E7B921FB12FF1062FEAD376D9EC0,2020-06-19 12:33:00.535000,2020-06-19 12:33:00.544000,2020-06-19 12:33:00.590000,2020-06-19 12:33:00.669000,2020-06-19 12:33:00.847000,2020-06-19 12:33:00.847000,
222,hs_client_hsdir,built,,10644CF3D7F555F10FE28EB1D520111F56FE7180,2020-06-19 12:33:00.943000,2020-06-19 12:33:00.950000,2020-06-19 12:33:01.015000,2020-06-19 12:33:01.117000,2020-06-19 12:33:01.251000,2020-06-19 12:33:01.117000,2020-06-19 12:33:01.252000
223,hs_client_hsdir,built,,CDDEC3CC4B0FD5054C99B2D2843DE8B609A4CABA,2020-06-19 12:33:01.211000,2020-06-19 12:33:01.251000,2020-06-19 12:33:01.305000,2020-06-19 12:33:01.414000,2020-06-19 12:33:01.672000,2020-06-19 12:33:01.673000,
224,hs_client_hsdir,built,,45D8C1EEFF044043AA6806C4B9130F8F189EF316,2020-06-19 12:33:01.447000,2020-06-19 12:33:01.483000,2020-06-19 12:33:01.523000,2020-06-19 12:33:01.605000,2020-06-19 12:33:01.725000,2020-06-19 12:33:01.725000,
225,hs_client_hsdir,built,,1DBACC31486FC670FBD403FAE877342EC696D598,2020-06-19 12:33:01.482000,2020-06-19 12:33:01.484000,2020-06-19 12:33:01.514000,2020-06-19 12:33:01.585000,2020-06-19 12:33:01.683000,2020-06-19 12:33:01.683000,
226,hs_client_hsdir,built,,51AE5656C81CD417479253A6363A123A007A2233,2020-06-19 12:33:01.725000,2020-06-19 12:33:01.770000,2020-06-19 12:33:01.805000,2020-06-19 12:33:01.875000,2020-06-19 12:33:01.982000,2020-06-19 12:33:01.982000,
227,hs_client_hsdir,built,,8DE1211901C33379BB9C57E27BED368FF6D45127,2020-06-19 12:33:01.939000,2020-06-19 12:33:01.970000,2020-06-19 12:33:02.007000,2020-06-19 12:33:02.119000,2020-06-19 12:33:02.257000,2020-06-19 12:33:02.257000,
228,hs_client_hsdir,built,,9B94A776DA2C0B974BF4E06A352133EDFE62036C,2020-06-19 12:33:01.966000,2020-06-19 12:33:01.971000,2020-06-19 12:33:02.019000,2020-06-19 12:33:02.138000,2020-06-19 12:33:02.394000,2020-06-19 12:33:02.395000,
229,hs_client_hsdir,built,,F7554C8DC57BAEC8C11C7CE3B6666230EE904F0F,2020-06-19 12:33:01.966000,2020-06-19 12:33:01.971000,2020-06-19 12:33:02.018000,2020-06-19 12:33:02.077000,2020-06-19 12:33:02.296000,2020-06-19 12:33:02.296000,
230,hs_client_hsdir,built,,F9A3542D5863CD665B7FF758E73DAD40832D0064,2020-06-19 12:33:01.966000,2020-06-19 12:33:01.971000,2020-06-19 12:33:02.036000,2020-06-19 12:33:02.149000,2020-06-19 12:33:02.297000,2020-06-19 12:33:02.297000,
231,hs_client_hsdir,built,,E95955CD7AB012DE770711878F147C784FC13D37,2020-06-19 12:33:01.966000,2020-06-19 12:33:01.971000,2020-06-19 12:33:02.018000,2020-06-19 12:33:02.137000,2020-06-19 12:33:02.350000,2020-06-19 12:33:02.137000,2020-06-19 12:33:02.350000
232,hs_client_hsdir,built,,2D78D1CBCCF8219822119BFA0346FF23316F1913,2020-06-19 12:33:01.970000,2020-06-19 12:33:01.982000,2020-06-19 12:33:02.027000,2020-06-19 12:33:02.096000,2020-06-19 12:33:02.181000,2020-06-19 12:33:02.181000,
233,hs_client_hsdir,built,,4031460683AE9E0512D3620C2758D98758AC6C93,2020-06-19 12:33:02.136000,2020-06-19 12:33:02.149000,2020-06-19 12:33:02.233000,2020-06-19 12:33:02.297000,2020-06-19 12:33:02.407000,2020-06-19 12:33:02.407000,
234,hs_client_hsdir,built,,74A19D86DDF63F1133B414B81F36E1F44640811F,2020-06-19 12:33:02.293000,2020-06-19 12:33:02.305000,2020-06-19 12:33:02.383000,2020-06-19 12:33:02.479000,2020-06-19 12:33:02.575000,2020-06-19 12:33:02.576000,
235,hs_client_hsdir,built,,3760F67140B6662BFB38B9245C2B510455B88E45,2020-06-19 12:33:02.441000,2020-06-19 12:33:02.452000,2020-06-19 12:33:02.544000,2020-06-19 12:33:02.634000,2020-06-19 12:33:02.914000,2020-06-19 12:33:02.914000,
236,hs_client_hsdir,built,,2751A18D2966DB9A955FAE0BD7D7431B9E2FECA4,2020-06-19 12:33:02.452000,2020-06-19 12:33:02.458000,2020-06-19 12:33:02.494000,2020-06-19 12:33:02.563000,2020-06-19 12:33:03.601000,2020-06-19 12:33:03.602000,
237,hs_client_hsdir,built,,08C6EED76C8938B738316A34AA2923C432EC05B1,2020-06-19 12:33:02.502000,2020-06-19 12:33:02.553000,2020-06-19 12:33:02.615000,2020-06-19 12:33:02.687000,2020-06-19 12:33:02.814000,2020-06-19 12:33:02.814000,
238,hs_client_hsdir,built,,C8AB1B2AF0CBAAE3611A814B4C7D38DCE0CBFEB4,2020-06-19 12:33:02.630000,2020-06-19 12:33:02.643000,2020-06-19 12:33:02.710000,2020-06-19 12:33:02.823000,2020-06-19 12:33:03.017000,2020-06-19 12:33:03.017000,
239,hs_client_hsdir,built,,F3F55715BE0B6DF38FB6A80326433A440A4B0BFE,2020-06-19 12:33:02.670000,2020-06-19 12:33:02.702000,2020-06-19 12:33:02.756000,2020-06-19 12:33:02.824000,2020-06-19 12:33:02.986000,2020-06-19 12:33:02.986000,
240,hs_client_hsdir,built,,1DE70504C6E9BB223E2EC4FAD45C68C07A6AE9FB,2020-06-19 12:33:02.701000,2020-06-19 12:33:02.710000,2020-06-19 12:33:02.756000,2020-06-19 12:33:02.903000,2020-06-19 12:33:03.201000,2020-06-19 12:33:03.201000,
241,hs_client_hsdir,built,,1DFE397493D0791DE63F2D6EA5AB6EBCB7B9871A,2020-06-19 12:33:02.961000,2020-06-19 12:33:02.974000,2020-06-19 12:33:03.027000,2020-06-19 12:33:03.105000,2020-06-19 12:33:03.246000,2020-06-19 12:33:03.246000,
242,hs_client_hsdir,built,,CE58CF666F209857502FCEAF1CB52F638AFFBD63,2020-06-19 12:33:02.974000,2020-06-19 12:33:02.986000,2020-06-19 12:33:03.055000,2020-06-19 12:33:03.199000,2020-06-19 12:33:03.358000,2020-06-19 12:33:03.358000,
243,hs_client_hsdir,built,,6BBA8C2C6171D33734DB8452B2F0A1C4EB816312,2020-06-19 12:33:02.974000,2020-06-19 12:33:02.986000,2020-06-19 12:33:03.045000,2020-06-19 12:33:03.145000,2020-06-19 12:33:03.319000,2020-06-19 12:33:03.145000,2020-06-19 12:33:03.319000
244,hs_client_hsdir,built,,18EA6AFA3609A0B24752FBF411A2DAADE27DE129,2020-06-19 12:33:03.145000,2020-06-19 12:33:03.153000,2020-06-19 12:33:03.199000,2020-06-19 12:33:03.236000,2020-06-19 12:33:03.336000,2020-06-19 12:33:03.336000,
245,hs_client_hsdir,built,,19D353B8AA0927DF82CB26E0396C57BE27C0ACC5,2020-06-19 12:33:03.214000,2020-06-19 12:33:03.226000,2020-06-19 12:33:03.335000,2020-06-19 12:33:03.545000,2020-06-19 12:33:03.806000,2020-06-19 12:33:03.806000,
246,hs_client_hsdir,built,,D317C7889162E9EC4A1DA1A1095C2A0F377536D9,2020-06-19 12:33:03.241000,2020-06-19 12:33:03.254000,2020-06-19 12:33:03.325000,2020-06-19 12:33:03.402000,2020-06-19 12:33:03.701000,2020-06-19 12:33:03.701000,
247,hs_client_hsdir,built,,DC163DDEF4B6F0C6BC226F9F6656A5A30C5C5686,2020-06-19 12:33:03.455000,2020-06-19 12:33:03.457000,2020-06-19 12:33:03.516000,2020-06-19 12:33:03.586000,2020-06-19 12:33:03.672000,2020-06-19 12:33:03.673000,
248,hs_client_hsdir,built,,143F5A3EF84BF1A8E82998CA261D9C889C247127,2020-06-19 12:33:03.503000,2020-06-19 12:33:03.516000,2020-06-19 12:33:03.568000,2020-06-19 12:33:03.689000,2020-06-19 12:33:03.858000,2020-06-19 12:33:03.859000,
249,hs_client_hsdir,built,,239E373B108E04912B3AF8C32E99FF0EDC492A68,2020-06-19 12:33:03.515000,2020-06-19 12:33:03.530000,2020-06-19 12:33:03.610000,2020-06-19 12:33:03.739000,2020-06-19 12:33:04.586000,2020-06-19 12:33:04.587000,
250,hs_client_hsdir,built,,E97D754577161C2BEF19042F6E1931D8F3E57DFE,2020-06-19 12:33:03.526000,2020-06-19 12:33:03.545000,2020-06-19 12:33:03.578000,2020-06-19 12:33:03.671000,2020-06-19 12:33:03.760000,2020-06-19 12:33:03.760000,
251,hs_client_hsdir,built,,F94E2D48F2E0F83920C893E4F19F852511350AF5,2020-06-19 12:33:03.738000,2020-06-19 12:33:03.749000,2020-06-19 12:33:03.814000,2020-06-19 12:33:03.894000,2020-06-19 12:33:04.060000,2020-06-19 12:33:04.061000,
252,hs_client_hsdir,built,,CAF8D1C8936B7A363A75FC258880846EE05B22A8,2020-06-19 12:33:03.784000,2020-06-19 12:33:03.792000,2020-06-19 12:33:03.836000,2020-06-19 12:33:03.950000,2020-06-19 12:33:04.097000,2020-06-19 12:33:04.097000,
253,hs_client_hsdir,built,,B82D54B92FC8F985B4E3F805288F61632A5DAF61,2020-06-19 12:33:03.894000,2020-06-19 12:33:03.899000,2020-06-19 12:33:03.979000,2020-06-19 12:33:04.140000,2020-06-19 12:33:04.433000,2020-06-19 12:33:04.434000,
254,hs_client_hsdir,built,,F68A76522D356F89BEC286889A3822250567BE2E,2020-06-19 12:33:03.950000,2020-06-19 12:33:03.955000,2020-06-19 12:33:03.997000,2020-06-19 12:33:04.081000,2020-06-19 12:33:04.348000,2020-06-19 12:33:04.348000,
255,hs_client_hsdir,built,,EC272BA50EB28DF5D3C4334AEE14B22C47E17EA0,2020-06-19 12:33:03.968000,2020-06-19 12:33:03.993000,2020-06-19 12:33:04.038000,2020-06-19 12:33:04.151000,2020-06-19 12:33:05.979000,2020-06-19 12:33:04.152000,2020-06-19 12:33:05.980000
256,hs_client_hsdir,built,,6B0962E99C62CFDFCAD6D91384B11D499FCE6D46,2020-06-19 12:33:04.013000,2020-06-19 12:33:04.060000,2020-06-19 12:33:04.116000,2020-06-19 12:33:04.222000,2020-06-19 12:33:04.496000,2020-06-19 12:33:04.496000,
257,hs_client_hsdir,built,,BF5C0C5D3A1C6654FEBA5FF66B00734DF073DB50,2020-06-19 12:33:04.081000,2020-06-19 12:33:04.096000,2020-06-19 12:33:04.139000,2020-06-19 12:33:04.232000,2020-06-19 12:33:04.454000,2020-06-19 12:33:04.454000,
258,hs_client_hsdir,built,,719FD0FA327F3CCBCDA0D4EA74C15EA110338942,2020-06-19 12:33:04.081000,2020-06-19 12:33:04.097000,2020-06-19 12:33:04.140000,2020-06-19 12:33:04.223000,2020-06-19 12:33:04.318000,2020-06-19 12:33:04.319000,
259,hs_client_hsdir,built,,B493C692A62D8D24E93DD50113653A4D0152B7C5,2020-06-19 12:33:04.472000,2020-06-19 12:33:04.480000,2020-06-19 12:33:04.536000,2020-06-19 12:33:04.637000,2020-06-19 12:33:05.295000,2020-06-19 12:33:05.296000,
260,hs_client_hsdir,built,,A4A30EADEFBA4921AB246954E051F45EF85B459D,2020-06-19 12:33:04.636000,2020-06-19 12:33:04.647000,2020-06-19 12:33:04.676000,2020-06-19 12:33:04.760000,2020-06-19 12:33:04.958000,2020-06-19 12:33:04.959000,
261,hs_client_hsdir,built,,E88F8E72100709E226F22DF6A50365480054ECD2,2020-06-19 12:33:04.729000,2020-06-19 12:33:04.748000,2020-06-19 12:33:04.786000,2020-06-19 12:33:04.903000,2020-06-19 12:33:05.052000,2020-06-19 12:33:05.053000,
262,hs_client_hsdir,built,,38E48C9509E18F405749859EEF299EBC1B829602,2020-06-19 12:33:04.760000,2020-06-19 12:33:04.762000,2020-06-19 12:33:04.799000,2020-06-19 12:33:04.860000,2020-06-19 12:33:04.972000,2020-06-19 12:33:04.973000,
263,hs_client_hsdir,built,,722A4238FFD547B99B99BD4B969786E82291F964,2020-06-19 12:33:04.956000,2020-06-19 12:33:04.972000,2020-06-19 12:33:05.028000,2020-06-19 12:33:05.126000,2020-06-19 12:33:05.319000,2020-06-19 12:33:05.320000,
264,hs_client_hsdir,built,,39C6F833D4B09524770D3655DF825A11213CA0A9,2020-06-19 12:33:04.969000,2020-06-19 12:33:04.981000,2020-06-19 12:33:05.040000,2020-06-19 12:33:05.130000,2020-06-19 12:33:05.320000,2020-06-19 12:33:05.131000,2020-06-19 12:33:05.321000
265,hs_client_hsdir,built,,1A020A414D8AB25F54415C8C1E75A5562A9DD9A6,2020-06-19 12:33:05.211000,2020-06-19 12:33:05.217000,2020-06-19 12:33:05.294000,2020-06-19 12:33:05.379000,2020-06-19 12:33:05.567000,2020-06-19 12:33:05.568000,
266,hs_client_hsdir,built,,508EAAA5322C7BF048C8FADBBFB37D0A3E1D9262,2020-06-19 12:33:05.314000,2020-06-19 12:33:05.322000,2020-06-19 12:33:05.402000,2020-06-19 12:33:05.525000,2020-06-19 12:33:05.688000,2020-06-19 12:33:05.689000,
267,hs_client_hsdir,built,,34DF8443F6ACD1A543AAA10A7621A389E31A4422,2020-06-19 12:33:05.525000,2020-06-19 12:33:05.526000,2020-06-19 12:33:05.662000,2020-06-19 12:33:05.896000,2020-06-19 12:33:06.163000,2020-06-19 12:33:06.164000,
268,hs_client_hsdir,built,,01664D41A81F817A3E71400D6BFD40947AA40AFB,2020-06-19 12:33:05.745000,2020-06-19 12:33:05.755000,2020-06-19 12:33:05.890000,2020-06-19 12:33:06.117000,2020-06-19 12:33:06.491000,2020-06-19 12:33:06.492000,
269,hs_client_hsdir,built,,CECD117B1587DB82130EA968C522E50316192998,2020-06-19 12:33:05.977000,2020-06-19 12:33:05.984000,2020-06-19 12:33:06.116000,2020-06-19 12:33:06.405000,2020-06-19 12:33:06.857000,2020-06-19 12:33:06.406000,2020-06-19 12:33:06.858000
270,hs_client_hsdir,built,,74CD4EA6ABA75B1A6D7C222D8567AAB60A6E994C,2020-06-19 12:33:06.213000,2020-06-19 12:33:06.222000,2020-06-19 12:33:06.290000,2020-06-19 12:33:06.380000,2020-06-19 12:33:08.135000,2020-06-19 12:33:08.135000,
271,hs_client_hsdir,failed,destroyed,,2020-06-19 12:33:06.903000,2020-06-19 12:33:06.913000,2020-06-19 12:33:06.942000,,,2020-06-19 12:33:06.978000,
272,hs_client_hsdir,built,,91799AD097018FD5F83B70B978068FB83F72934F,2020-06-19 12:33:06.977000,2020-06-19 12:33:06.980000,2020-06-19 12:33:07.077000,2020-06-19 12:33:07.192000,2020-06-19 12:33:07.410000,2020-06-19 12:33:07.192000,2020-06-19 12:33:07.411000
273,hs_client_hsdir,built,,769A297017BB5E92A9A5A3D76725CA12D694AA30,2020-06-19 12:33:07.190000,2020-06-19 12:33:07.209000,2020-06-19 12:33:07.269000,2020-06-19 12:33:07.396000,2020-06-19 12:33:07.539000,2020-06-19 12:33:07.539000,
274,hs_client_hsdir,built,,D56B7CC09E95598E64ECDAF43C9F9E3810B4AC3B,2020-06-19 12:33:07.190000,2020-06-19 12:33:07.209000,2020-06-19 12:33:07.269000,2020-06-19 12:33:07.366000,2020-06-19 12:33:07.493000,2020-06-19 12:33:07.494000,
275,hs_client_hsdir,built,,361D33C96D0F161275EE67E2C91EE10B276E778B,2020-06-19 12:33:07.676000,2020-06-19 12:33:07.686000,2020-06-19 12:33:07.783000,2020-06-19 12:33:07.865000,2020-06-19 12:33:07.990000,2020-06-19 12:33:07.990000,
276,hs_client_hsdir,built,,D873A2965B3AF4E68BF8637D31D4B161AE9BCF73,2020-06-19 12:33:07.783000,2020-06-19 12:33:07.801000,2020-06-19 12:33:07.864000,2020-06-19 12:33:07.952000,2020-06-19 12:33:08.080000,2020-06-19 12:33:08.080000,
277,hs_client_hsdir,built,,4E9796481C1E75F75D57E8C1FC8C8ED111433316,2020-06-19 12:33:07.801000,2020-06-19 12:33:07.812000,2020-06-19 12:33:07.876000,2020-06-19 12:33:07.995000,2020-06-19 12:33:08.354000,2020-06-19 12:33:08.354000,
278,general,failed,destroyed,,2020-06-19 12:33:07.976000,2020-06-19 12:33:07.995000,2020-06-19 12:33:08.135000,,,2020-06-19 12:33:08.239000,
279,hs_client_hsdir,failed,timeout,,2020-06-19 12:33:08.132000,2020-06-19 12:33:08.143000,2020-06-19 12:33:08.176000,2020-06-19 12:33:08.238000,,2020-06-19 12:33:12.050000,
280,hs_client_hsdir,built,,79DEB4E02FD08AE1AEB4D8594AAB082375E9062D,2020-06-19 12:33:08.211000,2020-06-19 12:33:08.214000,2020-06-19 12:33:08.268000,2020-06-19 12:33:08.518000,2020-06-19 12:33:08.911000,2020-06-19 12:33:08.912000,
281,hs_client_hsdir,built,,15415C2C440CC6F00A7CEC4E844730F6DEC6153B,2020-06-19 12:33:08.391000,2020-06-19 12:33:08.406000,2020-06-19 12:33:08.445000,2020-06-19 12:33:08.535000,2020-06-19 12:33:10.019000,2020-06-19 12:33:10.020000,
282,hs_client_hsdir,built,,D16162311822511464E9C6CE2FC62E48A0548B26,2020-06-19 12:33:08.648000,2020-06-19 12:33:08.651000,2020-06-19 12:33:08.744000,2020-06-19 12:33:08.827000,2020-06-19 12:33:08.882000,2020-06-19 12:33:08.883000,
283,hs_client_hsdir,built,,4D2FCB3C654AD6AFCA4AF87E87AE72735F643D8B,2020-06-19 12:33:08.744000,2020-06-19 12:33:08.755000,2020-06-19 12:33:08.796000,2020-06-19 12:33:08.889000,2020-06-19 12:33:09.007000,2020-06-19 12:33:09.007000,
284,hs_client_hsdir,built,,24F97F98C45E4754655BE66799049763DAEE99CE,2020-06-19 12:33:08.989000,2020-06-19 12:33:08.999000,2020-06-19 12:33:09.042000,2020-06-19 12:33:09.259000,2020-06-19 12:33:09.692000,2020-06-19 12:33:09.693000,
285,hs_client_hsdir,built,,A2E6BB5C391CD46B38C55B4329C35304540771F1,2020-06-19 12:33:08.997000,2020-06-19 12:33:09.007000,2020-06-19 12:33:09.053000,2020-06-19 12:33:09.980000,2020-06-19 12:33:10.387000,2020-06-19 12:33:09.980000,2020-06-19 12:33:10.387000
286,hs_client_hsdir,built,,A78E86015376B3F2507E2E6602FDFD278F2871B3,2020-06-19 12:33:09.120000,2020-06-19 12:33:09.161000,2020-06-19 12:33:09.214000,2020-06-19 12:33:09.292000,2020-06-19 12:33:09.441000,2020-06-19 12:33:09.442000,
287,hs_client_hsdir,built,,F1B6FA0ED8C60E9C7317AF027E7C0E5C1AE1DD39,2020-06-19 12:33:09.134000,2020-06-19 12:33:09.172000,2020-06-19 12:33:09.269000,2020-06-19 12:33:09.368000,2020-06-19 12:33:09.656000,2020-06-19 12:33:09.656000,
288,hs_client_hsdir,built,,FF1ED9A17F6081DEB4607FDAF43FADF16B94A955,2020-06-19 12:33:09.213000,2020-06-19 12:33:09.226000,2020-06-19 12:33:09.326000,2020-06-19 12:33:09.391000,2020-06-19 12:33:09.480000,2020-06-19 12:33:09.481000,
289,hs_client_hsdir,failed,destroyed,,2020-06-19 12:33:09.314000,2020-06-19 12:33:09.335000,,,,2020-06-19 12:33:09.377000,
290,hs_client_hsdir,built,,DEF3365F1C012F80E56877B5EF05CE72BDEB0CCC,2020-06-19 12:33:09.443000,2020-06-19 12:33:09.447000,2020-06-19 12:33:09.500000,2020-06-19 12:33:09.630000,2020-06-19 12:33:09.779000,2020-06-19 12:33:09.779000,
291,hs_client_hsdir,built,,C564B65BC897FC0ACCE8C29D3520BAE13C5A210E,2020-06-19 12:33:09.618000,2020-06-19 12:33:09.621000,2020-06-19 12:33:09.679000,2020-06-19 12:33:09.787000,2020-06-19 12:33:09.936000,2020-06-19 12:33:09.937000,
292,hs_client_hsdir,built,,95BCCD0310CE829E31458AF15429847E7F5D24D2,2020-06-19 12:33:09.619000,2020-06-19 12:33:09.621000,2020-06-19 12:33:09.666000,2020-06-19 12:33:09.746000,2020-06-19 12:33:09.861000,2020-06-19 12:33:09.862000,
293,hs_client_hsdir,built,,2BB85DC5BD3C6F0D81A4F2B5882176C6BF7ECF5A,2020-06-19 12:33:09.955000,2020-06-19 12:33:09.979000,2020-06-19 12:33:10.068000,2020-06-19 12:33:10.138000,2020-06-19 12:33:10.378000,2020-06-19 12:33:10.378000,
294,hs_client_hsdir,built,,0A0C01DD0044E70318D9E3DA5F125A09069C57C1,2020-06-19 12:33:09.975000,2020-06-19 12:33:09.982000,2020-06-19 12:33:10.019000,2020-06-19 12:33:10.148000,2020-06-19 12:33:10.401000,2020-06-19 12:33:10.402000,
295,hs_client_hsdir,built,,A39721D284AA1ED1AE87AE63523535484AA14FB5,2020-06-19 12:33:09.991000,2020-06-19 12:33:10.006000,2020-06-19 12:33:10.069000,2020-06-19 12:33:10.163000,2020-06-19 12:33:10.342000,2020-06-19 12:33:10.164000,2020-06-19 12:33:10.343000
296,hs_client_hsdir,built,,43028D0071DE055180DAA82DE200B42FD2131C23,2020-06-19 12:33:10.256000,2020-06-19 12:33:10.266000,2020-06-19 12:33:10.299000,2020-06-19 12:33:10.378000,2020-06-19 12:33:10.522000,2020-06-19 12:33:10.523000,
297,hs_client_hsdir,built,,5C6384C5CA8FA5C39760E8921010CBCCC65FB222,2020-06-19 12:33:10.474000,2020-06-19 12:33:10.479000,2020-06-19 12:33:10.543000,2020-06-19 12:33:10.755000,2020-06-19 12:33:11.075000,2020-06-19 12:33:11.075000,
298,hs_client_hsdir,built,,235D3444236ABC28F412E93814F6B783200D4630,2020-06-19 12:33:10.540000,2020-06-19 12:33:10.551000,2020-06-19 12:33:10.625000,2020-06-19 12:33:10.693000,2020-06-19 12:33:10.834000,2020-06-19 12:33:10.834000,
299,hs_client_hsdir,failed,destroyed,,2020-06-19 12:33:10.692000,2020-06-19 12:33:10.699000,,,,2020-06-19 12:33:10.706000,
300,hs_client_hsdir,built,,2E12C57EA556AC65966709F5A3C82FE35705A734,2020-06-19 12:33:10.692000,2020-06-19 12:33:10.699000,2020-06-19 12:33:10.836000,2020-06-19 12:33:11.026000,2020-06-19 12:33:11.344000,2020-06-19 12:33:11.345000,
301,hs_client_hsdir,built,,A670FEE5E7F77226D6C3C6D4E4129541B77B523A,2020-06-19 12:33:10.833000,2020-06-19 12:33:10.846000,2020-06-19 12:33:10.890000,2020-06-19 12:33:10.982000,2020-06-19 12:33:11.065000,2020-06-19 12:33:11.065000,
302,hs_client_hsdir,built,,A452410658C4F2986381839633CDB98FBFCBCAAF,2020-06-19 12:33:10.833000,2020-06-19 12:33:10.846000,2020-06-19 12:33:10.900000,2020-06-19 12:33:11.045000,2020-06-19 12:33:11.284000,2020-06-19 12:33:11.285000,
303,hs_client_hsdir,built,,41920DBE62C7C6200AEFA4C9DE4C7053F56E5FA5,2020-06-19 12:33:11.015000,2020-06-19 12:33:11.031000,2020-06-19 12:33:11.085000,2020-06-19 12:33:11.196000,2020-06-19 12:33:11.477000,2020-06-19 12:33:11.477000,
304,hs_client_hsdir,built,,B06F093A3D4DFAD3E923F4F28A74901BD4F74EB1,2020-06-19 12:33:11.023000,2020-06-19 12:33:11.031000,2020-06-19 12:33:11.085000,2020-06-19 12:33:11.174000,2020-06-19 12:33:11.451000,2020-06-19 12:33:11.175000,2020-06-19 12:33:11.451000
305,hs_client_hsdir,failed,destroyed,,2020-06-19 12:33:11.174000,2020-06-19 12:33:11.187000,2020-06-19 12:33:11.236000,,,2020-06-19 12:33:11.347000,
306,hs_client_hsdir,built,,D255268BACBB4562554CF20147731BDA0D8C452B,2020-06-19 12:33:11.346000,2020-06-19 12:33:11.358000,2020-06-19 12:33:11.450000,2020-06-19 12:33:11.537000,2020-06-19 12:33:11.666000,2020-06-19 12:33:11.666000,
307,hs_client_hsdir,built,,542568BFFC36279CE0CA9D4FF4972330477F85E0,2020-06-19 12:33:11.640000,2020-06-19 12:33:11.666000,2020-06-19 12:33:11.821000,2020-06-19 12:33:12.095000,2020-06-19 12:33:12.796000,2020-06-19 12:33:12.797000,
308,hs_client_hsdir,built,,71840F45C2478347B872321066F9805D1A1B79FD,2020-06-19 12:33:11.666000,2020-06-19 12:33:11.674000,2020-06-19 12:33:11.724000,2020-06-19 12:33:11.844000,2020-06-19 12:33:12.190000,2020-06-19 12:33:12.191000,
309,hs_client_hsdir,built,,5EF0AAAEEE7B1282DA0DBAB94669B73E39DD51B6,2020-06-19 12:33:11.666000,2020-06-19 12:33:11.674000,2020-06-19 12:33:11.716000,2020-06-19 12:33:11.822000,2020-06-19 12:33:12.055000,2020-06-19 12:33:12.055000,
310,hs_client_hsdir,built,,F7D3EF888541DDE246D36F4E7C8E90F24618910E,2020-06-19 12:33:11.821000,2020-06-19 12:33:11.834000,2020-06-19 12:33:11.904000,2020-06-19 12:33:12.054000,2020-06-19 12:33:12.231000,2020-06-19 12:33:12.231000,
311,hs_client_hsdir,built,,0E1A3C77BF5194DBB89C186AFA48211F02D91588,2020-06-19 12:33:12.051000,2020-06-19 12:33:12.056000,2020-06-19 12:33:12.116000,2020-06-19 12:33:12.198000,2020-06-19 12:33:12.314000,2020-06-19 12:33:12.315000,
312,hs_client_hsdir,built,,A41F5AA8F662D62AC8DAA65D7434CC5890E1870C,2020-06-19 12:33:12.051000,2020-06-19 12:33:12.056000,2020-06-19 12:33:12.156000,2020-06-19 12:33:12.250000,2020-06-19 12:33:12.752000,2020-06-19 12:33:12.251000,2020-06-19 12:33:12.753000
313,hs_client_hsdir,built,,790FABD5184E98F89908404233364C940A4881EC,2020-06-19 12:33:12.214000,2020-06-19 12:33:12.240000,2020-06-19 12:33:12.292000,2020-06-19 12:33:12.350000,2020-06-19 12:33:12.574000,2020-06-19 12:33:12.575000,
314,hs_client_hsdir,built,,FE1B74C7CEE0493613929A92F9A1D890E58DC649,2020-06-19 12:33:12.443000,2020-06-19 12:33:12.450000,2020-06-19 12:33:12.499000,2020-06-19 12:33:12.576000,2020-06-19 12:33:12.691000,2020-06-19 12:33:12.692000,
315,hs_client_hsdir,built,,30DBF7A773F4EE3BF6D1B7407DAECF40220AC8CD,2020-06-19 12:33:12.572000,2020-06-19 12:33:12.582000,2020-06-19 12:33:12.635000,2020-06-19 12:33:12.709000,2020-06-19 12:33:12.835000,2020-06-19 12:33:12.836000,
316,hs_client_hsdir,built,,CF556653E704F7B619E1BBC0AE86A8E2E185A17F,2020-06-19 12:33:12.750000,2020-06-19 12:33:12.795000,2020-06-19 12:33:12.880000,2020-06-19 12:33:12.973000,2020-06-19 12:33:13.156000,2020-06-19 12:33:13.157000,
317,hs_client_hsdir,built,,3C89C80E2699FB6358BBB64FDC9547AFCB5C03F7,2020-06-19 12:33:12.972000,2020-06-19 12:33:12.980000,2020-06-19 12:33:13.035000,2020-06-19 12:33:13.102000,2020-06-19 12:33:13.177000,2020-06-19 12:33:13.177000,
318,hs_client_hsdir,built,,456F6E4998EB17B975DB5A19273607868E5F8AFA,2020-06-19 12:33:13.030000,2020-06-19 12:33:13.038000,2020-06-19 12:33:13.082000,2020-06-19 12:33:13.176000,2020-06-19 12:33:13.337000,2020-06-19 12:33:13.177000,2020-06-19 12:33:13.338000
319,hs_client_hsdir,built,,FD371B0619EBA488551FD37BFAB32056E4CACFA7,2020-06-19 12:33:13.155000,2020-06-19 12:33:13.162000,2020-06-19 12:33:13.222000,2020-06-19 12:33:13.333000,2020-06-19 12:33:13.572000,2020-06-19 12:33:13.573000,
320,hs_client_hsdir,built,,B22A56D8AE494A20CA0EB8457F3CAC54FC99ACCE,2020-06-19 12:33:13.452000,2020-06-19 12:33:13.477000,2020-06-19 12:33:13.526000,2020-06-19 12:33:13.692000,2020-06-19 12:33:13.858000,2020-06-19 12:33:13.859000,
321,hs_client_hsdir,built,,A9860C42EF532379E846087802646B5D4BCB17BE,2020-06-19 12:33:13.452000,2020-06-19 12:33:13.477000,2020-06-19 12:33:13.505000,2020-06-19 12:33:13.681000,2020-06-19 12:33:14.009000,2020-06-19 12:33:14.010000,
322,hs_client_hsdir,built,,8DD0956457CF75A49E79F8E434E2DC898182DE79,2020-06-19 12:33:13.488000,2020-06-19 12:33:13.515000,2020-06-19 12:33:13.572000,2020-06-19 12:33:13.693000,2020-06-19 12:33:16.509000,2020-06-19 12:33:16.510000,
323,hs_client_hsdir,built,,9BC9DEC371D17190F0185D7CDA42F30A617B6A7F,2020-06-19 12:33:13.836000,2020-06-19 12:33:13.846000,2020-06-19 12:33:13.904000,2020-06-19 12:33:14.081000,2020-06-19 12:33:14.206000,2020-06-19 12:33:14.206000,
324,hs_client_hsdir,built,,54FF87E18CF4B351BB078A640A4DC5265969485E,2020-06-19 12:33:14.031000,2020-06-19 12:33:14.060000,2020-06-19 12:33:14.103000,2020-06-19 12:33:14.216000,2020-06-19 12:33:14.471000,2020-06-19 12:33:14.216000,2020-06-19 12:33:14.471000
325,hs_client_hsdir,built,,7674C383F7F551E065E3E95BBCFC067157546A17,2020-06-19 12:33:14.158000,2020-06-19 12:33:14.170000,2020-06-19 12:33:14.206000,2020-06-19 12:33:14.290000,2020-06-19 12:33:14.431000,2020-06-19 12:33:14.432000,
326,hs_client_hsdir,failed,destroyed,,2020-06-19 12:33:14.216000,2020-06-19 12:33:14.225000,2020-06-19 12:33:14.289000,,,2020-06-19 12:33:14.313000,
327,hs_client_hsdir,built,,2F81DA22A649EBB0CCD20A97527207E2E841F5F6,2020-06-19 12:33:14.433000,2020-06-19 12:33:14.445000,2020-06-19 12:33:14.471000,2020-06-19 12:33:14.517000,2020-06-19 12:33:14.710000,2020-06-19 12:33:14.710000,
328,hs_client_hsdir,built,,853AC518D085FB14570F46B1262E990349C18D69,2020-06-19 12:33:14.449000,2020-06-19 12:33:14.479000,2020-06-19 12:33:14.527000,2020-06-19 12:33:14.620000,2020-06-19 12:33:14.740000,2020-06-19 12:33:14.740000,
329,hs_client_hsdir,built,,3CBC541F2A763ADD7BF742919229251E2C065E4E,2020-06-19 12:33:14.692000,2020-06-19 12:33:14.707000,2020-06-19 12:33:14.771000,2020-06-19 12:33:14.971000,2020-06-19 12:33:15.223000,2020-06-19 12:33:15.223000,
330,hs_client_hsdir,built,,BD4012B7B05E4E0953AE46EF4D8E265E79B1627E,2020-06-19 12:33:14.707000,2020-06-19 12:33:14.721000,2020-06-19 12:33:14.761000,2020-06-19 12:33:14.835000,2020-06-19 12:33:14.939000,2020-06-19 12:33:14.940000,
331,general,failed,destroyed,,2020-06-19 12:33:15.035000,2020-06-19 12:33:15.042000,2020-06-19 12:33:15.074000,,,2020-06-19 12:33:15.098000,
332,hs_client_hsdir,built,,2D70583AFDE90C7C3D9CFF9F0C076F0C022CC29C,2020-06-19 12:33:15.069000,2020-06-19 12:33:15.074000,2020-06-19 12:33:15.110000,2020-06-19 12:33:15.158000,2020-06-19 12:33:15.255000,2020-06-19 12:33:15.256000,
333,hs_client_hsdir,built,,767E444E1FA1DA75F3B77479DB5AE2FA3FFF75CC,2020-06-19 12:33:15.096000,2020-06-19 12:33:15.110000,2020-06-19 12:33:15.147000,2020-06-19 12:33:15.199000,2020-06-19 12:33:15.289000,2020-06-19 12:33:15.290000,
334,hs_client_hsdir,built,,470BC5C6A8BD1D9FDBB55689FB3030310181EAE2,2020-06-19 12:33:15.220000,2020-06-19 12:33:15.234000,2020-06-19 12:33:15.297000,2020-06-19 12:33:15.434000,2020-06-19 12:33:15.561000,2020-06-19 12:33:15.562000,
335,hs_client_hsdir,built,,32EB288C0EFB52964CCF8EF28BE6BC7FF592BB58,2020-06-19 12:33:15.396000,2020-06-19 12:33:15.404000,2020-06-19 12:33:15.498000,2020-06-19 12:33:15.528000,2020-06-19 12:33:15.613000,2020-06-19 12:33:15.614000,
336,hs_client_hsdir,built,,158D411B51D313456D45EF66D099585976CCDD6F,2020-06-19 12:33:15.698000,2020-06-19 12:33:15.703000,2020-06-19 12:33:15.864000,2020-06-19 12:33:16.117000,2020-06-19 12:33:17.522000,2020-06-19 12:33:17.523000,
337,hs_client_hsdir,built,,26B09A4C9F6A9D4815DB46EBA3626A0ED8D71E8F,2020-06-19 12:33:15.778000,2020-06-19 12:33:15.788000,2020-06-19 12:33:15.834000,2020-06-19 12:33:15.917000,2020-06-19 12:33:16.055000,2020-06-19 12:33:16.056000,
338,hs_client_hsdir,built,,68F175CCABE727AA2D2309BCD8789499CEE36ED7,2020-06-19 12:33:16.037000,2020-06-19 12:33:16.043000,2020-06-19 12:33:16.096000,2020-06-19 12:33:16.207000,2020-06-19 12:33:16.356000,2020-06-19 12:33:16.207000,2020-06-19 12:33:16.357000
339,hs_client_hsdir,built,,213F2B4AB09EE6FF8CA21B804B2E1BD8835088D3,2020-06-19 12:33:16.203000,2020-06-19 12:33:16.206000,2020-06-19 12:33:16.249000,2020-06-19 12:33:16.301000,2020-06-19 12:33:16.477000,2020-06-19 12:33:16.478000,
340,hs_client_hsdir,built,,91ADCDFCA830A1BBAD3A10377B25D695A92BF251,2020-06-19 12:33:16.621000,2020-06-19 12:33:16.632000,2020-06-19 12:33:16.679000,2020-06-19 12:33:16.753000,2020-06-19 12:33:16.831000,2020-06-19 12:33:16.832000,
341,hs_client_hsdir,failed,timeout,,2020-06-19 12:33:16.699000,2020-06-19 12:33:16.720000,2020-06-19 12:33:16.788000,,,2020-06-19 12:33:21.043000,
342,hs_client_hsdir,built,,746B3C4BADCCA09003DD091AF028560A61E0A48E,2020-06-19 12:33:16.771000,2020-06-19 12:33:16.798000,2020-06-19 12:33:16.838000,2020-06-19 12:33:16.919000,2020-06-19 12:33:17.056000,2020-06-19 12:33:17.057000,
343,hs_client_hsdir,built,,113143469021882C3A4B82F084F8125B08EE471E,2020-06-19 12:33:17.037000,2020-06-19 12:33:17.055000,2020-06-19 12:33:17.092000,2020-06-19 12:33:17.165000,2020-06-19 12:33:17.353000,2020-06-19 12:33:17.166000,2020-06-19 12:33:17.354000
344,hs_client_hsdir,built,,44FAF1249D46C79CE33A5234D8501261C40E670D,2020-06-19 12:33:17.215000,2020-06-19 12:33:17.252000,2020-06-19 12:33:17.320000,2020-06-19 12:33:17.417000,2020-06-19 12:33:17.542000,2020-06-19 12:33:17.542000,
345,hs_client_hsdir,built,,43FF3346A3F8E4ED27F631DC956C4CD8D6173D7A,2020-06-19 12:33:17.483000,2020-06-19 12:33:17.491000,2020-06-19 12:33:17.565000,2020-06-19 12:33:17.638000,2020-06-19 12:33:17.740000,2020-06-19 12:33:17.741000,
346,hs_client_hsdir,built,,288C100FFA656938C23F32207CAF0DA932ECD247,2020-06-19 12:33:17.687000,2020-06-19 12:33:17.697000,2020-06-19 12:33:17.803000,2020-06-19 12:33:18.032000,2020-06-19 12:33:18.296000,2020-06-19 12:33:18.297000,
347,hs_client_hsdir,built,,953DB709F2A2DECC8D7560661F934E64411444F7,2020-06-19 12:33:17.877000,2020-06-19 12:33:17.878000,2020-06-19 12:33:17.960000,2020-06-19 12:33:18.072000,2020-06-19 12:33:18.251000,2020-06-19 12:33:18.251000,
348,hs_client_hsdir,built,,56781CCC9F6D29FEA148799AB588429C893A473C,2020-06-19 12:33:18.024000,2020-06-19 12:33:18.034000,2020-06-19 12:33:18.082000,2020-06-19 12:33:18.167000,2020-06-19 12:33:18.284000,2020-06-19 12:33:18.284000,
349,hs_client_hsdir,built,,B492B62CECAD93F144051565CD56DED79931B6F5,2020-06-19 12:33:18.033000,2020-06-19 12:33:18.043000,2020-06-19 12:33:18.111000,2020-06-19 12:33:18.401000,2020-06-19 12:33:20.074000,2020-06-19 12:33:18.402000,2020-06-19 12:33:20.075000
350,hs_client_hsdir,built,,8F1D70DE42C72120CE8E49287414DFCF94FFF1F2,2020-06-19 12:33:18.215000,2020-06-19 12:33:18.220000,2020-06-19 12:33:18.251000,2020-06-19 12:33:18.317000,2020-06-19 12:33:18.869000,2020-06-19 12:33:18.870000,
351,hs_client_hsdir,built,,AF2C7A11D3C3F77F2C2C153608EEC938FA432DBA,2020-06-19 12:33:18.556000,2020-06-19 12:33:18.559000,2020-06-19 12:33:18.606000,2020-06-19 12:33:18.747000,2020-06-19 12:33:19.069000,2020-06-19 12:33:19.070000,
352,hs_client_hsdir,built,,65FBA426CE8126771C5EEB52634F3BB5E6E93B08,2020-06-19 12:33:18.689000,2020-06-19 12:33:18.702000,2020-06-19 12:33:18.760000,2020-06-19 12:33:18.898000,2020-06-19 12:33:19.050000,2020-06-19 12:33:19.050000,
353,hs_client_hsdir,built,,005ED97213F725867E422B8DC0443361BBB24E3C,2020-06-19 12:33:19.045000,2020-06-19 12:33:19.053000,2020-06-19 12:33:19.116000,2020-06-19 12:33:19.240000,2020-06-19 12:33:19.354000,2020-06-19 12:33:19.241000,2020-06-19 12:33:19.355000
354,hs_client_hsdir,built,,C99F833629AF5449D11A9DEEDCE5BA681D0AD455,2020-06-19 12:33:19.216000,2020-06-19 12:33:19.226000,2020-06-19 12:33:19.292000,2020-06-19 12:33:19.373000,2020-06-19 12:33:19.462000,2020-06-19 12:33:19.463000,
355,hs_client_hsdir,built,,B07FCCFAC6131953FE8523787B4A190D16DF6681,2020-06-19 12:33:19.334000,2020-06-19 12:33:19.342000,2020-06-19 12:33:19.387000,2020-06-19 12:33:19.499000,2020-06-19 12:33:19.685000,2020-06-19 12:33:19.685000,
356,hs_client_hsdir,built,,A2CBEC70217814A9DFB21069F8510BE418ABB094,2020-06-19 12:33:19.387000,2020-06-19 12:33:19.395000,2020-06-19 12:33:19.461000,2020-06-19 12:33:19.580000,2020-06-19 12:33:19.726000,2020-06-19 12:33:19.727000,
357,hs_client_hsdir,built,,84A8E41D03865822272F647D378AFF4AC73187F2,2020-06-19 12:33:19.496000,2020-06-19 12:33:19.499000,2020-06-19 12:33:19.550000,2020-06-19 12:33:19.661000,2020-06-19 12:33:19.794000,2020-06-19 12:33:19.795000,
358,measure_timeout,built,timeout,,2020-06-19 12:33:19.683000,2020-06-19 12:33:19.689000,2020-06-19 12:33:19.990000,2020-06-19 12:33:21.463000,2020-06-19 12:33:22.064000,2020-06-19 12:33:21.464000,2020-06-19 12:33:22.065000
359,hs_client_hsdir,built,,EBB799FADD615E93CA97BE5583E5EB97DD21E10F,2020-06-19 12:33:19.889000,2020-06-19 12:33:19.898000,2020-06-19 12:33:19.948000,2020-06-19 12:33:20.042000,2020-06-19 12:33:20.236000,2020-06-19 12:33:20.236000,
360,hs_client_hsdir,built,,1795DFEA62DCBFE0309601A3D26F0D114100FAE5,2020-06-19 12:33:19.947000,2020-06-19 12:33:19.963000,2020-06-19 12:33:20.010000,2020-06-19 12:33:20.088000,2020-06-19 12:33:20.238000,2020-06-19 12:33:20.238000,
361,hs_client_hsdir,built,,A37BD19BEE82FF81C6FC61802C4F4FCA67814691,2020-06-19 12:33:19.961000,2020-06-19 12:33:19.976000,2020-06-19 12:33:20.018000,2020-06-19 12:33:20.095000,2020-06-19 12:33:20.292000,2020-06-19 12:33:20.292000,
362,hs_client_hsdir,built,,749EF4A434DFD00DAB31E93DE86233FB916D31E3,2020-06-19 12:33:20.035000,2020-06-19 12:33:20.052000,2020-06-19 12:33:20.103000,2020-06-19 12:33:20.209000,2020-06-19 12:33:20.319000,2020-06-19 12:33:20.210000,2020-06-19 12:33:20.320000
363,hs_client_hsdir,built,,776FCB8F73F8D84407F5AF2460A75F9EEC982EB3,2020-06-19 12:33:20.452000,2020-06-19 12:33:20.497000,2020-06-19 12:33:20.554000,2020-06-19 12:33:20.635000,2020-06-19 12:33:20.784000,2020-06-19 12:33:20.784000,
364,hs_client_hsdir,built,,12C2BA0404C86BB995BC9E72D7830343AAB9617C,2020-06-19 12:33:20.553000,2020-06-19 12:33:20.571000,2020-06-19 12:33:20.634000,2020-06-19 12:33:20.705000,2020-06-19 12:33:20.794000,2020-06-19 12:33:20.794000,
365,hs_client_hsdir,built,,CC100DC017A25E244C35C964BB518E4308415ACC,2020-06-19 12:33:20.583000,2020-06-19 12:33:20.604000,2020-06-19 12:33:20.643000,2020-06-19 12:33:20.715000,2020-06-19 12:33:20.835000,2020-06-19 12:33:20.836000,
366,hs_client_hsdir,built,,C44CC64BED927031A5B3B0A7CDF6A9E28F058B3F,2020-06-19 12:33:20.928000,2020-06-19 12:33:20.973000,2020-06-19 12:33:21.163000,2020-06-19 12:33:21.537000,2020-06-19 12:33:22.097000,2020-06-19 12:33:22.098000,
367,hs_client_hsdir,built,,6A5B650B830F408286FF870718D3D00B568B7045,2020-06-19 12:33:21.023000,2020-06-19 12:33:21.046000,2020-06-19 12:33:21.094000,2020-06-19 12:33:21.164000,2020-06-19 12:33:21.575000,2020-06-19 12:33:21.576000,
368,hs_client_hsdir,built,,EBB799FADD615E93CA97BE5583E5EB97DD21E10F,2020-06-19 12:33:21.044000,2020-06-19 12:33:21.053000,2020-06-19 12:33:21.205000,2020-06-19 12:33:21.517000,2020-06-19 12:33:21.947000,2020-06-19 12:33:21.948000,
369,hs_client_hsdir,built,,2751A18D2966DB9A955FAE0BD7D7431B9E2FECA4,2020-06-19 12:33:21.044000,2020-06-19 12:33:21.054000,2020-06-19 12:33:21.073000,2020-06-19 12:33:21.120000,2020-06-19 12:33:21.458000,2020-06-19 12:33:21.121000,2020-06-19 12:33:21.459000
370,hs_client_hsdir,built,,DB12920A8A3D157F992972560BB7E7FED4220FD2,2020-06-19 12:33:21.577000,2020-06-19 12:33:21.587000,2020-06-19 12:33:21.639000,2020-06-19 12:33:21.724000,2020-06-19 12:33:21.886000,2020-06-19 12:33:21.888000,
371,hs_client_hsdir,built,,D0EDC58A0E7D7FE28A1A5E366260A80AEF9BD448,2020-06-19 12:33:21.724000,2020-06-19 12:33:21.732000,2020-06-19 12:33:21.892000,2020-06-19 12:33:22.024000,2020-06-19 12:33:22.206000,2020-06-19 12:33:22.206000,
372,hs_client_hsdir,built,,FD12A788173B704CF4C8441BEA60AF2D71CA29BE,2020-06-19 12:33:22.024000,2020-06-19 12:33:22.037000,2020-06-19 12:33:22.083000,2020-06-19 12:33:22.152000,2020-06-19 12:33:22.248000,2020-06-19 12:33:22.248000,
373,hs_client_hsdir,built,,81C55D403A82BF6E7C3FBDBD41D102B7088900D9,2020-06-19 12:33:22.036000,2020-06-19 12:33:22.042000,2020-06-19 12:33:22.064000,2020-06-19 12:33:22.116000,2020-06-19 12:33:22.438000,2020-06-19 12:33:22.117000,2020-06-19 12:33:22.438000
374,hs_client_hsdir,built,,65FBA426CE8126771C5EEB52634F3BB5E6E93B08,2020-06-19 12:33:22.355000,2020-06-19 12:33:22.397000,2020-06-19 12:33:22.455000,2020-06-19 12:33:22.568000,2020-06-19 12:33:22.708000,2020-06-19 12:33:22.709000,
375,hs_client_hsdir,built,,C9DF39AABF4E34309E04E1E56DB9FA6CF37AE140,2020-06-19 12:33:22.371000,2020-06-19 12:33:22.412000,2020-06-19 12:33:22.479000,2020-06-19 12:33:22.580000,2020-06-19 12:33:22.834000,2020-06-19 12:33:22.835000,
376,hs_client_hsdir,built,,4A5147952EE35534F7B69387FF3D408C8EE66D68,2020-06-19 12:33:22.423000,2020-06-19 12:33:22.445000,2020-06-19 12:33:22.488000,2020-06-19 12:33:22.635000,2020-06-19 12:33:22.754000,2020-06-19 12:33:22.755000,
377,hs_client_hsdir,built,,2DF58694C18525A4892F514D01039BCF44A05433,2020-06-19 12:33:22.657000,2020-06-19 12:33:22.683000,2020-06-19 12:33:22.708000,2020-06-19 12:33:22.792000,2020-06-19 12:33:22.872000,2020-06-19 12:33:22.872000,
378,hs_client_hsdir,built,,A926970FE1AEF9C6D8D4BF57ED6B88F3F8C66415,2020-06-19 12:33:22.697000,2020-06-19 12:33:22.716000,2020-06-19 12:33:22.781000,2020-06-19 12:33:22.882000,2020-06-19 12:33:23.036000,2020-06-19 12:33:23.036000,
379,hs_client_hsdir,,,,2020-06-19 12:33:22.870000,2020-06-19 12:33:22.882000,2020-06-19 12:33:23.036000,2020-06-19 12:33:23.196000,,,
380,hs_client_hsdir,,,,2020-06-19 12:33:22.998000,2020-06-19 12:33:23.016000,2020-06-19 12:33:23.053000,2020-06-19 12:33:23.157000,,,
381,hs_client_hsdir,,,,2020-06-19 12:33:23.028000,2020-06-19 12:33:23.043000,2020-06-19 12:33:23.100000,2020-06-19 12:33:23.167000,,,
382,general,,,,2020-06-19 12:33:23.034000,2020-06-19 12:33:23.043000,,,,,
383,hs_client_hsdir,,,,2020-06-19 12:33:23.098000,2020-06-19 12:33:23.111000,2020-06-19 12:33:23.133000,2020-06-19 12:33:23.236000,,,
