addr,status,reason,circ,guard_fp,middle_fp,exit_fp,hsdir_fp,start,end
bxceeycg7txceo6tutjvsjwxlq6oyctzifrule25rmcq2uzzfx3keqad,failed,not_found,9,9C34EAD957DF77978BCF356F3F96B9A79E3961CB,81EF64BD967EB7D8BB3E868BEB077698D644FE81,29DDD25C8383FDA559D4E0E88F820AB88C26212A,355140498339A8FEBBA1453E93A3FAE8F7973968,2020-09-06 05:14:40.752000,2020-09-06 05:14:41.433000
bxceeycg7txceo6tutjvsjwxlq6oyctzifrule25rmcq2uzzfx3keqad,failed,not_found,8,9C34EAD957DF77978BCF356F3F96B9A79E3961CB,113143469021882C3A4B82F084F8125B08EE471E,E75ABF29D4B417D3D3565AEDAF89E4F9D16E736F,E0023AC14180112A2FFF00A84C6049862BB3E6C3,2020-09-06 05:14:41.433000,2020-09-06 05:14:42.249000
bxceeycg7txceo6tutjvsjwxlq6oyctzifrule25rmcq2uzzfx3keqad,failed,not_found,15,9C34EAD957DF77978BCF356F3F96B9A79E3961CB,2CE2DEE830B954EDA3A6BB57EA7420E0F5EE3C13,72C2EB697C3CD4CE7408359B386DEE6B2888F714,35094D4F2418A2169B1C05D4905027EE86C9F0D1,2020-09-06 05:14:42.249000,2020-09-06 05:14:43.247000
bxceeycg7txceo6tutjvsjwxlq6oyctzifrule25rmcq2uzzfx3keqad,failed,not_found,17,9C34EAD957DF77978BCF356F3F96B9A79E3961CB,0FFA1246DD0C441D9A43A54C9D1BD46BB528A063,6EF4D64F37FD96FF80CE60F8B15C264599AE3F6C,65F241195AD0C8F124B134D8E1FECDDE42C379F9,2020-09-06 05:14:43.247000,2020-09-06 05:14:44.156000
bxceeycg7txceo6tutjvsjwxlq6oyctzifrule25rmcq2uzzfx3keqad,failed,not_found,21,9C34EAD957DF77978BCF356F3F96B9A79E3961CB,DCAA176F75B04287131C6D78B7CFDDAC6F2691D9,20B87C42018D088D1A377125B5E9B638E6AD0566,0A4ED4C74020740A904F3A9936030B7A4C6170BB,2020-09-06 05:14:44.156000,2020-09-06 05:14:44.920000
bxceeycg7txceo6tutjvsjwxlq6oyctzifrule25rmcq2uzzfx3keqad,failed,not_found,25,9C34EAD957DF77978BCF356F3F96B9A79E3961CB,A9406A006D6E7B5DA30F2C6D4E42A338B5E340B2,8056080EE822B5CA1A8FFF52B7242A82C5E42FBB,24F97F98C45E4754655BE66799049763DAEE99CE,2020-09-06 05:14:44.920000,2020-09-06 05:14:45.558000
l5yeg7gdzvrho5kyxipxzg6ejiz63onv4cmjqu7bmmb2rt6hamsrijyd,failed,not_found,11,9C34EAD957DF77978BCF356F3F96B9A79E3961CB,22B64DD090129E2E413689E245443E2799087B5A,9A5754CD0C987355EB3D8AD4BEF4A2A841740520,7E8597BB39D4C7EDC4ABF7538B6531655A2DA334,2020-09-06 05:14:41.778000,2020-09-06 05:14:42.223000
l5yeg7gdzvrho5kyxipxzg6ejiz63onv4cmjqu7bmmb2rt6hamsrijyd,failed,not_found,12,9C34EAD957DF77978BCF356F3F96B9A79E3961CB,D60C2D85EAD93D23F1C00874D334BBF8A96CD529,CA6A1295456D14F8C78CE623EB779EF2C1CCC7F0,AD1FC4AE877B2FFEB3C84F1A6B76E9B057AAEF4E,2020-09-06 05:14:42.223000,2020-09-06 05:14:42.859000
l5yeg7gdzvrho5kyxipxzg6ejiz63onv4cmjqu7bmmb2rt6hamsrijyd,failed,not_found,14,9C34EAD957DF77978BCF356F3F96B9A79E3961CB,7B10E2D82A60EFC4E97CE5A9F4E8C9A79C59DFC5,CC09DFB016081AD50686DAC96440BB2D6F343251,746B3C4BADCCA09003DD091AF028560A61E0A48E,2020-09-06 05:14:42.860000,2020-09-06 05:14:43.614000
l5yeg7gdzvrho5kyxipxzg6ejiz63onv4cmjqu7bmmb2rt6hamsrijyd,failed,not_found,19,9C34EAD957DF77978BCF356F3F96B9A79E3961CB,8E7ACAD878BBD61097C0E0D557160F5D59BCE5CA,9FAF5DB5DF3A2AB135C38A86389ECAA9B1B1217D,D0BF6A6400081DA6031536ECEAD59F79BDABEB65,2020-09-06 05:14:43.615000,2020-09-06 05:14:44.218000
l5yeg7gdzvrho5kyxipxzg6ejiz63onv4cmjqu7bmmb2rt6hamsrijyd,failed,not_found,22,9C34EAD957DF77978BCF356F3F96B9A79E3961CB,97E6A009185FCF2A58D884545E4E18FF612B7B06,C5B622E52654B570ADFD656AC61B74CC84BBEE95,A4C83C2BEB4F1B31D40E80D5524C66A117D77C50,2020-09-06 05:14:44.219000,2020-09-06 05:14:45.349000
l5yeg7gdzvrho5kyxipxzg6ejiz63onv4cmjqu7bmmb2rt6hamsrijyd,failed,not_found,27,9C34EAD957DF77978BCF356F3F96B9A79E3961CB,8708EFAA02FE45C1F1FA57458FF2758496FA064E,6B7ABD237CF25E5F787F365AF5FC4C86F0213A9F,7404DC4E6B17D5B751BF343E509F6D4B940FC104,2020-09-06 05:14:45.349000,2020-09-06 05:14:45.997000
henx3ui5kvtwx2nbtix7wk6dfwawzhzumn4qpmh2u7iyhiionvrzrqad,failed,not_found,16,9C34EAD957DF77978BCF356F3F96B9A79E3961CB,39F91959416763AFD34DBEEC05474411B964B2DC,CA9F7F1D42DEC759D470327E0F76FF7DA9FB159D,229D865D7AC084D30E5F5016CE5A8C21740F74F4,2020-09-06 05:14:42.746000,2020-09-06 05:14:54.198000
henx3ui5kvtwx2nbtix7wk6dfwawzhzumn4qpmh2u7iyhiionvrzrqad,failed,not_found,70,9C34EAD957DF77978BCF356F3F96B9A79E3961CB,9413E5D74EFDCA7C36FCA9664B98C48C93FE33C7,F83A64E0FA85BC224807919772FE14E1BA07CEF5,32C1100B5EF19A5BFBB431E8D42781C2D09D31C3,2020-09-06 05:14:54.199000,2020-09-06 05:14:54.945000
henx3ui5kvtwx2nbtix7wk6dfwawzhzumn4qpmh2u7iyhiionvrzrqad,failed,not_found,76,9C34EAD957DF77978BCF356F3F96B9A79E3961CB,6F49E169EF407AE66679248388B1C3C200B2AE8F,71539D1911ECB826069A4D156771AC4F9F4632A7,1252A53FE719AF72C0FD1E54D8DE08C0327E5A4A,2020-09-06 05:14:54.946000,2020-09-06 05:14:56.935000
henx3ui5kvtwx2nbtix7wk6dfwawzhzumn4qpmh2u7iyhiionvrzrqad,failed,not_found,89,9C34EAD957DF77978BCF356F3F96B9A79E3961CB,63C6AB74A5C288C2159DDC783BB00F88AB44427C,E2CF09F998248C71139B24B2C92740AEDB1C6D2A,FBC2856A48705F3ED17E504F8FC89EC6433ED25D,2020-09-06 05:14:56.935000,2020-09-06 05:14:57.951000
henx3ui5kvtwx2nbtix7wk6dfwawzhzumn4qpmh2u7iyhiionvrzrqad,failed,not_found,124,9C34EAD957DF77978BCF356F3F96B9A79E3961CB,3970FA79EC2752446D668ECD575354101C5E29AA,E97D754577161C2BEF19042F6E1931D8F3E57DFE,E5CC82DF823F15F9EEF99F22BFB1F3CC5F5076EF,2020-09-06 05:14:57.951000,2020-09-06 05:15:03.307000
henx3ui5kvtwx2nbtix7wk6dfwawzhzumn4qpmh2u7iyhiionvrzrqad,failed,not_found,132,9C34EAD957DF77978BCF356F3F96B9A79E3961CB,C239952D0C8E4EABC3E6B0A8E0B623689174E3C6,1CA811478AB30F5DE80825E15F95AF18DCD32B2F,CDAF0B74C45FD5B1955198A8D92C8A518A53D07B,2020-09-06 05:15:03.308000,2020-09-06 05:15:03.859000
mmr5e2rb4mfwwf5yfufc7ex6mqzhlsjyp4jmw3rocb6wcb6dqk6ilmqd,failed,not_found,20,9C34EAD957DF77978BCF356F3F96B9A79E3961CB,18B160CD5E22BFC345AEE7BA84B7EA45BF457FCA,0085057C17BD2E1809E284825F06F94E72FB418C,D82943434B24204FBF1B4B818CFEA64F205DEAC3,2020-09-06 05:14:43.780000,2020-09-06 05:14:44.488000
mmr5e2rb4mfwwf5yfufc7ex6mqzhlsjyp4jmw3rocb6wcb6dqk6ilmqd,failed,not_found,24,9C34EAD957DF77978BCF356F3F96B9A79E3961CB,22BCD0DFD148209C9860C7F89907AB4DEE974A08,B411027C926A9BFFCF7DA91E3CAF1856A321EFFD,A7B204645DAC7AFDB5046EF0013C5BDC2CF09456,2020-09-06 05:14:44.489000,2020-09-06 05:14:45.133000
mmr5e2rb4mfwwf5yfufc7ex6mqzhlsjyp4jmw3rocb6wcb6dqk6ilmqd,failed,not_found,26,9C34EAD957DF77978BCF356F3F96B9A79E3961CB,01384A5D9C6D34352701BF86D04E5F406CB256AE,38DC78302D5CB107B6D5CCC02EE4D8773AA910DE,4623A9EC53BFD83155929E56D6F7B55B5E718C24,2020-09-06 05:14:45.134000,2020-09-06 05:14:45.899000
mmr5e2rb4mfwwf5yfufc7ex6mqzhlsjyp4jmw3rocb6wcb6dqk6ilmqd,failed,not_found,29,9C34EAD957DF77978BCF356F3F96B9A79E3961CB,8E14C22192BB479640038D8C1BF20DCBD064E1A5,0F977B4D6EBEECD578AC838A5FDDC81B636060A7,6304781EA6C8D0A8638AD1A745CCCFEE77EBE55E,2020-09-06 05:14:45.900000,2020-09-06 05:14:47.235000
mmr5e2rb4mfwwf5yfufc7ex6mqzhlsjyp4jmw3rocb6wcb6dqk6ilmqd,failed,not_found,34,9C34EAD957DF77978BCF356F3F96B9A79E3961CB,BC123DB7F61E9DB31F23B37BF62A16DAA1010FC9,3D3A99DF54D6AEC5190CFB4C0B8D26172A8A2E59,C47E8F025645C621BE8BF8B5F6C8564A41259F7B,2020-09-06 05:14:47.236000,2020-09-06 05:14:48.038000
mmr5e2rb4mfwwf5yfufc7ex6mqzhlsjyp4jmw3rocb6wcb6dqk6ilmqd,failed,not_found,158,9C34EAD957DF77978BCF356F3F96B9A79E3961CB,5F58E9417DF94A66529864FA1134635614958A44,7CD234DFEFE8F215EC9AE2BC1D2CAFC9E0D1CC00,158D411B51D313456D45EF66D099585976CCDD6F,2020-09-06 05:14:48.038000,2020-09-06 05:15:07.581000
bv4tjydh4liexotx2z3gsnisb4sdekuymt6l2feeelqhguz6zcjqqmyd,failed,not_found,23,9C34EAD957DF77978BCF356F3F96B9A79E3961CB,87E9E9F7990A1594DFDD63AD61248C546C7122B9,2D8AFA912E2B8623BB2CDACD19332209D524D1A3,4FDC3AE93CD2F81D1B64D94075F6418C06A55314,2020-09-06 05:14:44.761000,2020-09-06 05:14:46.032000
bv4tjydh4liexotx2z3gsnisb4sdekuymt6l2feeelqhguz6zcjqqmyd,failed,not_found,30,9C34EAD957DF77978BCF356F3F96B9A79E3961CB,F19EEFDF2FB2EFFC00EB719FC5661114638BFB8C,BAE58EF7F58C11DAFD81C9EDD10EB74150AF3CFE,CF8CC4763298F77FF64DAF340D26D1BBF3362C5B,2020-09-06 05:14:46.033000,2020-09-06 05:14:47.250000
bv4tjydh4liexotx2z3gsnisb4sdekuymt6l2feeelqhguz6zcjqqmyd,failed,not_found,35,9C34EAD957DF77978BCF356F3F96B9A79E3961CB,F750B4FE53DFB3C63B34C5FBF169778C9C7A62E8,856DAB2FDC9EED88A27BE2265FA6BD5489EF178E,D729C688382CC2A576089716BE10490D2D66FCE4,2020-09-06 05:14:47.250000,2020-09-06 05:14:47.853000
bv4tjydh4liexotx2z3gsnisb4sdekuymt6l2feeelqhguz6zcjqqmyd,failed,not_found,38,9C34EAD957DF77978BCF356F3F96B9A79E3961CB,B4A96C0852DD0841579D33E09A98D641EACCD73E,4CE6D83FFA8AD24767007E8C972F371F2468F09A,0A2CE9D88D3BA28410EE3B24BD4DC16598753462,2020-09-06 05:14:47.854000,2020-09-06 05:14:49.038000
bv4tjydh4liexotx2z3gsnisb4sdekuymt6l2feeelqhguz6zcjqqmyd,failed,not_found,45,9C34EAD957DF77978BCF356F3F96B9A79E3961CB,E7C1FAFB7525149A0E911512F511D942BA5EEAAF,C35C9FA3FC501BDC22A83FC05102733951E386D0,508EAAA5322C7BF048C8FADBBFB37D0A3E1D9262,2020-09-06 05:14:49.039000,2020-09-06 05:14:49.683000
bv4tjydh4liexotx2z3gsnisb4sdekuymt6l2feeelqhguz6zcjqqmyd,failed,not_found,49,9C34EAD957DF77978BCF356F3F96B9A79E3961CB,169535CC4C75FF79C6D548D41720064EE4FE61D2,2F2E6C30B8A30DCB0C541E931F00BCF0023DF146,9B22542BA085F8ECCC8B6D0F8897B8DB1C6E6D65,2020-09-06 05:14:49.684000,2020-09-06 05:14:50.572000
zu2mjg7vqhb2m4gmoenrc7laugko3tuo2ckw4n473gjnvcd5ughl5vyd,failed,not_found,28,9C34EAD957DF77978BCF356F3F96B9A79E3961CB,F836446663F1EB816F13708955F105D0B2F5C8E0,E263B860EFA177F0DDE30C381F893F2805C140DC,6A8B54FB9F79E33A307AD0319B62916504A28049,2020-09-06 05:14:45.743000,2020-09-06 05:14:46.743000
zu2mjg7vqhb2m4gmoenrc7laugko3tuo2ckw4n473gjnvcd5ughl5vyd,failed,not_found,31,9C34EAD957DF77978BCF356F3F96B9A79E3961CB,61B2102DB3D97F16FBB359EFE86EC6887A1B3B5A,0338F9F55111FE8E3570E7DE117EF3AF999CC1D7,EAEFC00FDF96D24F75FC007A5623BD6A3A737423,2020-09-06 05:14:46.744000,2020-09-06 05:14:47.063000
zu2mjg7vqhb2m4gmoenrc7laugko3tuo2ckw4n473gjnvcd5ughl5vyd,failed,not_found,33,9C34EAD957DF77978BCF356F3F96B9A79E3961CB,EDAF30C58D6CCF359EA062C668C7180A17076440,55804F9D37F7B27BD0426B3CB06C64B4D0F95546,7B2904FE8AA12E45EA3D65658ED8CECA4A51F7F8,2020-09-06 05:14:47.063000,2020-09-06 05:14:47.870000
zu2mjg7vqhb2m4gmoenrc7laugko3tuo2ckw4n473gjnvcd5ughl5vyd,failed,not_found,39,9C34EAD957DF77978BCF356F3F96B9A79E3961CB,4BB5F83B400D88951C412C3F8ACE99B38562714B,174D93DF6242BD4ABE2C09E6607892C3A3905675,FDD40AA573AFABB54813BB65F023D75ED49A97E8,2020-09-06 05:14:47.870000,2020-09-06 05:14:48.540000
zu2mjg7vqhb2m4gmoenrc7laugko3tuo2ckw4n473gjnvcd5ughl5vyd,failed,not_found,43,9C34EAD957DF77978BCF356F3F96B9A79E3961CB,E37322752F135A344FA33E17F4AFA74C27A687E6,E081937B40664CE674FAB1CC3DD8993C9CA6A9AE,896364B7996F5DFBA0E15D1A2E06D0B98B555DD6,2020-09-06 05:14:48.541000,2020-09-06 05:14:49.610000
zu2mjg7vqhb2m4gmoenrc7laugko3tuo2ckw4n473gjnvcd5ughl5vyd,failed,not_found,48,9C34EAD957DF77978BCF356F3F96B9A79E3961CB,8A6F5A21493685B50F1B46A87A2099D6C410F237,F5F4019509109A07E90C45A022CEED9ECA1643C8,5C8B811887778DCF705F3D39F19E40A21889451F,2020-09-06 05:14:49.611000,2020-09-06 05:14:50.166000
5y2bj2jtihpoybcrmpru5ccj5nxze4fwxi2nf3awl7a2h5fd5vf6mmad,failed,not_found,36,9C34EAD957DF77978BCF356F3F96B9A79E3961CB,61B2102DB3D97F16FBB359EFE86EC6887A1B3B5A,F6740DEABFD5F62612FA025A5079EA72846B1F67,195A26A390C42A1CE9FA77D2FDC25FB65AE27D45,2020-09-06 05:14:46.780000,2020-09-06 05:14:48.239000
5y2bj2jtihpoybcrmpru5ccj5nxze4fwxi2nf3awl7a2h5fd5vf6mmad,failed,not_found,41,9C34EAD957DF77978BCF356F3F96B9A79E3961CB,DF2A241897F04A7D0C2A195D81E0CB1271AD5B6F,42D47C736518BFA495CA31AEE40AE468F0BDA2A6,C239952D0C8E4EABC3E6B0A8E0B623689174E3C6,2020-09-06 05:14:48.240000,2020-09-06 05:14:49.224000
5y2bj2jtihpoybcrmpru5ccj5nxze4fwxi2nf3awl7a2h5fd5vf6mmad,failed,not_found,46,9C34EAD957DF77978BCF356F3F96B9A79E3961CB,CE77F6A537FD1ECCCDFF0FE8E5FB446A438E3754,9AB93B5422149E5DFF4BE6A3814E2F6D9648DB6A,38E059EEACD86E4D47FCD35F0A1FBD26A34BAB83,2020-09-06 05:14:49.225000,2020-09-06 05:14:49.834000
5y2bj2jtihpoybcrmpru5ccj5nxze4fwxi2nf3awl7a2h5fd5vf6mmad,failed,not_found,52,9C34EAD957DF77978BCF356F3F96B9A79E3961CB,AD7CB78ED4001F17267EC2D2B1550D2B8E041669,A2C6C931D8627C6605288970889DDB88C7BA2142,16F8469B848F9DCB4590BCC5CEA5F24980BDC806,2020-09-06 05:14:49.834000,2020-09-06 05:14:51.216000
5y2bj2jtihpoybcrmpru5ccj5nxze4fwxi2nf3awl7a2h5fd5vf6mmad,failed,not_found,56,9C34EAD957DF77978BCF356F3F96B9A79E3961CB,17ABA734572DBB1050CF3800F0DD145BAE7ED9A7,E6D4332BF40FDEE7814F2DBC926650EF8032B643,A2415E2FEF1972055EC0CBDF688717DF4C453AED,2020-09-06 05:14:51.217000,2020-09-06 05:14:51.852000
5y2bj2jtihpoybcrmpru5ccj5nxze4fwxi2nf3awl7a2h5fd5vf6mmad,failed,not_found,61,9C34EAD957DF77978BCF356F3F96B9A79E3961CB,327F5823438B8EC86EC33355C147D8455AB1C14B,5D765770B4DB110D88787457978AB4008CF65CAC,71730F1BEB5372C9A6FF36704FF1A6A48AEE7813,2020-09-06 05:14:51.852000,2020-09-06 05:14:52.448000
abmzurtwnie5yyss4b7h5acndnnsv54szyasxt4sosijf37d6djvk5ad,failed,not_found,191,9C34EAD957DF77978BCF356F3F96B9A79E3961CB,27EDEA5E2139E097C99B6D158D1A8DE36F11EB36,72C2EB697C3CD4CE7408359B386DEE6B2888F714,771BDA7258AFDDC099C18C17071B4C81BBF6A1FE,2020-09-06 05:14:47.760000,2020-09-06 05:15:13.123000
abmzurtwnie5yyss4b7h5acndnnsv54szyasxt4sosijf37d6djvk5ad,failed,not_found,216,9C34EAD957DF77978BCF356F3F96B9A79E3961CB,2F69F8C4DC02DD15A39BFDB4078A791D89ECEAA2,E3D61BAEA0B7CB12CACEDC8821C520557BDFCEA3,0D99F89BBB92BF5557F8D3F895DB218A72871089,2020-09-06 05:15:13.124000,2020-09-06 05:15:13.500000
abmzurtwnie5yyss4b7h5acndnnsv54szyasxt4sosijf37d6djvk5ad,failed,not_found,221,9C34EAD957DF77978BCF356F3F96B9A79E3961CB,EC4AD91674B5AFECCA117A396776F120651E55BF,7E8597BB39D4C7EDC4ABF7538B6531655A2DA334,ED7FDF68D504AEED4E28C6396B3E4A4ED04406B9,2020-09-06 05:15:13.501000,2020-09-06 05:15:14.467000
abmzurtwnie5yyss4b7h5acndnnsv54szyasxt4sosijf37d6djvk5ad,failed,not_found,231,9C34EAD957DF77978BCF356F3F96B9A79E3961CB,A066E7983758C7CC0097E16ACF4F7B71BAFA44E9,FD79B7F9230858B48E75F389661840C702511078,E014AFBDB463DAD0BABC4868C9B4DF4AAA72F1E9,2020-09-06 05:15:14.468000,2020-09-06 05:15:15.584000
abmzurtwnie5yyss4b7h5acndnnsv54szyasxt4sosijf37d6djvk5ad,failed,not_found,237,9C34EAD957DF77978BCF356F3F96B9A79E3961CB,38F21DEE29E40DCDF9460A80662B7723562CA008,1C0736CF3744A3B87C2D2269B8BD3388C7E60552,9556C2C62CA9A9A296C049BA7BDC10ABD3FF0170,2020-09-06 05:15:15.584000,2020-09-06 05:15:16.160000
abmzurtwnie5yyss4b7h5acndnnsv54szyasxt4sosijf37d6djvk5ad,failed,not_found,240,9C34EAD957DF77978BCF356F3F96B9A79E3961CB,BC238DA10F427C21685F766317F7E0946954B88F,CBD00958A3B897774E333D75C24E6A75F5220DCC,EB02B865E62EC6D5FEE6E72F06807189EDAE06BD,2020-09-06 05:15:16.160000,2020-09-06 05:15:16.893000
idfvjmkprmjbye7nnq4btletmz47ej4lllwiofezd7tp2nepzsezrvqd,failed,not_found,42,9C34EAD957DF77978BCF356F3F96B9A79E3961CB,B5D11485CE7613F8734D040BF9166F6AAFB30F46,ACEE0D003BFDA58C1CA9C804BCB65CB1E2E22F66,15D832EEAC678EC7EEB27B0F65E0D50B74A43B5B,2020-09-06 05:14:48.762000,2020-09-06 05:14:49.697000
idfvjmkprmjbye7nnq4btletmz47ej4lllwiofezd7tp2nepzsezrvqd,failed,not_found,50,9C34EAD957DF77978BCF356F3F96B9A79E3961CB,8B64F593CAC2ED05C0FA703AEF50FF71925B569C,91799AD097018FD5F83B70B978068FB83F72934F,45582F4CCEE4BBF79B44A4853FDD82908B08D4A8,2020-09-06 05:14:49.698000,2020-09-06 05:14:50.451000
idfvjmkprmjbye7nnq4btletmz47ej4lllwiofezd7tp2nepzsezrvqd,failed,not_found,47,9C34EAD957DF77978BCF356F3F96B9A79E3961CB,22ABDB0DACF6EB3F7070D4C51D18A0C62C097B0F,C1B79C4CD9B713BBB6B0522155B46A7BFE3BFAAE,BE3B9024A0EBBE72FF212979FB695FC6117E1EF5,2020-09-06 05:14:50.451000,2020-09-06 05:14:51.389000
idfvjmkprmjbye7nnq4btletmz47ej4lllwiofezd7tp2nepzsezrvqd,failed,not_found,57,9C34EAD957DF77978BCF356F3F96B9A79E3961CB,AC61D1722091F2FC4760776AF2C230D9DC679C03,9F29D0DD4AEB62E742BDAEEF2DFD3BDD76953403,B3CF08E9DF70D46BBEB5165A42D087DB352275DD,2020-09-06 05:14:51.390000,2020-09-06 05:14:54.499000
idfvjmkprmjbye7nnq4btletmz47ej4lllwiofezd7tp2nepzsezrvqd,failed,not_found,74,9C34EAD957DF77978BCF356F3F96B9A79E3961CB,E3D61BAEA0B7CB12CACEDC8821C520557BDFCEA3,E5CC91BAFE7CCD68003E873D32E38027638D49D7,4CDCC833FB70B9F3915522FDC90E52C531FEEC49,2020-09-06 05:14:54.500000,2020-09-06 05:14:54.910000
idfvjmkprmjbye7nnq4btletmz47ej4lllwiofezd7tp2nepzsezrvqd,failed,not_found,73,9C34EAD957DF77978BCF356F3F96B9A79E3961CB,7B10E2D82A60EFC4E97CE5A9F4E8C9A79C59DFC5,4B91F01219B985251EE3F5079D08D598324C3A9F,0C8433B6B92E2F1C744F3CFBE49ADA7CBEFEEBFA,2020-09-06 05:14:54.911000,2020-09-06 05:14:55.570000
snk2jok6qtxwr6g3garpqz3wcvpqu44cyx6vsxxwo2ouiypz4rdocwyd,failed,not_found,51,9C34EAD957DF77978BCF356F3F96B9A79E3961CB,E8D114B3C78D8E6E7FEB1004650DD632C2143C9E,1F616EFAE7D4569604372EF960CE27BCC89060A4,1A10F6E2BA45CA4A5EBAA6EF759FCBF4E8AFEEA8,2020-09-06 05:14:49.764000,2020-09-06 05:14:50.564000
snk2jok6qtxwr6g3garpqz3wcvpqu44cyx6vsxxwo2ouiypz4rdocwyd,failed,not_found,54,9C34EAD957DF77978BCF356F3F96B9A79E3961CB,EFF32E0B2BA102251F3F717CB3988896EEB3A8AE,84FF05983C7537E8BCF6FDCF6D1688C46B684471,31AF23C99A564B1F1D5C8A5D33CA730FC5B79354,2020-09-06 05:14:50.564000,2020-09-06 05:14:51.822000
snk2jok6qtxwr6g3garpqz3wcvpqu44cyx6vsxxwo2ouiypz4rdocwyd,failed,not_found,60,9C34EAD957DF77978BCF356F3F96B9A79E3961CB,CB92FA4D7D71F134CE1F1FFF2BFF53E88DD4A1DB,52A022F16D8CDBF019E132F1538A1798F167973A,438F3EA4C9FB0DB63F5377A3271AB5435FAD7E04,2020-09-06 05:14:51.822000,2020-09-06 05:14:52.352000
snk2jok6qtxwr6g3garpqz3wcvpqu44cyx6vsxxwo2ouiypz4rdocwyd,failed,not_found,62,9C34EAD957DF77978BCF356F3F96B9A79E3961CB,07F34659F837E1EFCB129B41104D3F4F65F39CFA,C518E196E924C888B585B634EC6ED1902A98B7FE,118496882F58E787DC24F5C219B93F22BA5820D8,2020-09-06 05:14:52.352000,2020-09-06 05:14:54.268000
snk2jok6qtxwr6g3garpqz3wcvpqu44cyx6vsxxwo2ouiypz4rdocwyd,failed,not_found,71,9C34EAD957DF77978BCF356F3F96B9A79E3961CB,DA96AC308288FBFD4641F25F1FA44DDD62FFE42B,54F5D800DD9783FCF2200E80EF3D1A867A3F6D6B,60B1681670B185813E762B71F3C3B129A981F37B,2020-09-06 05:14:54.268000,2020-09-06 05:14:55.618000
snk2jok6qtxwr6g3garpqz3wcvpqu44cyx6vsxxwo2ouiypz4rdocwyd,failed,not_found,80,9C34EAD957DF77978BCF356F3F96B9A79E3961CB,BE9B12FAAB7429842D643E2308390ECD8961E0A1,0AC63BDDB1A3390A98AE50B968361F015BAD6EE5,CDAEBA458F6129776643751934076A51D851C348,2020-09-06 05:14:55.619000,2020-09-06 05:14:56.137000
5x5uzwkoqs3wxrg7g3lpyhjg6nvvevttgqgm6x7qfg7g7dcjlythdsqd,failed,not_found,53,9C34EAD957DF77978BCF356F3F96B9A79E3961CB,B56B9FE93F83B4FA69234B17A060E8A8E7446D19,3239007CE1FB2ECDFDF2067DF23B949295DC5EF6,B7D773E2196DB5B4129D3C050C063DB0F8DF91A5,2020-09-06 05:14:50.747000,2020-09-06 05:14:51.112000
5x5uzwkoqs3wxrg7g3lpyhjg6nvvevttgqgm6x7qfg7g7dcjlythdsqd,failed,not_found,121,9C34EAD957DF77978BCF356F3F96B9A79E3961CB,AECF1E78CB116AD7105C88B1F08DBFD783E584B2,AC7749C310197644CFDB4BD3B4F435DB9F476563,C00A6B7541A9491629CEEADF121DCA6BEBD1FC45,2020-09-06 05:14:51.112000,2020-09-06 05:15:05.246000
5x5uzwkoqs3wxrg7g3lpyhjg6nvvevttgqgm6x7qfg7g7dcjlythdsqd,failed,not_found,148,9C34EAD957DF77978BCF356F3F96B9A79E3961CB,E7FEC31AE99964103ECC14F37C088A0B6B89132B,82653E431ADFFE8211B316927A149627796AB347,51C367582993D68F8215610B85A99902C945324B,2020-09-06 05:15:05.246000,2020-09-06 05:15:06.246000
5x5uzwkoqs3wxrg7g3lpyhjg6nvvevttgqgm6x7qfg7g7dcjlythdsqd,failed,not_found,198,9C34EAD957DF77978BCF356F3F96B9A79E3961CB,8C5B316ED73018484765C3E0944E4508DCAE0944,F9246DEF2B653807236DA134F2AEAB103D58ABFE,DCEA2A6D8034E164A4FFDD8AFF997E2F6FB2ECF8,2020-09-06 05:15:06.247000,2020-09-06 05:15:12.051000
5x5uzwkoqs3wxrg7g3lpyhjg6nvvevttgqgm6x7qfg7g7dcjlythdsqd,failed,not_found,208,9C34EAD957DF77978BCF356F3F96B9A79E3961CB,D2F2C32E8CF389FBE510067709CFCD1F2D99902D,8A5E7C2D09835974B4D58252BAD51FD8AD54F9CE,6FB20BB05A841CDDB308E85A4D117FCFC911F5EA,2020-09-06 05:15:12.052000,2020-09-06 05:15:12.730000
5x5uzwkoqs3wxrg7g3lpyhjg6nvvevttgqgm6x7qfg7g7dcjlythdsqd,failed,not_found,214,9C34EAD957DF77978BCF356F3F96B9A79E3961CB,334DF2164322B98FCC567BC444947B74AC92DAEA,9FAC447157CE1BB73DA1184BD904FBD796E2CED0,E43A346CB81DDF364B6FF68235AFADBA0E8692B8,2020-09-06 05:15:12.730000,2020-09-06 05:15:13.353000
fq2dkgnxnsq6ykorby433fo476xysxexw5bcrzvotdiiroieoipypbyd,failed,not_found,59,9C34EAD957DF77978BCF356F3F96B9A79E3961CB,636CA2469D3B461FC730BAB9F5AA94EA323FC332,91799AD097018FD5F83B70B978068FB83F72934F,F0FCCA6EF32A8D7C731D5624E6FC64E03F53D570,2020-09-06 05:14:51.785000,2020-09-06 05:14:53.625000
fq2dkgnxnsq6ykorby433fo476xysxexw5bcrzvotdiiroieoipypbyd,failed,not_found,67,9C34EAD957DF77978BCF356F3F96B9A79E3961CB,7EB91FDB68EAD3A13808D9356DA82605773215F5,3C79702BCC4AA498CB8E9FEC8A51A72AE89169EA,7C86C73DB17CE20CD26537C9E3EC0FD7A55E5C6D,2020-09-06 05:14:53.626000,2020-09-06 05:14:54.275000
fq2dkgnxnsq6ykorby433fo476xysxexw5bcrzvotdiiroieoipypbyd,failed,not_found,101,9C34EAD957DF77978BCF356F3F96B9A79E3961CB,E1BAB4F5B0E9D7891DCD9790C8F186D81728348F,50C7B836942F14BDF1541B017CF21FD03F354E13,D426B3F7FF144AAE24AECD72ED96820DDB338055,2020-09-06 05:14:54.275000,2020-09-06 05:15:00.314000
fq2dkgnxnsq6ykorby433fo476xysxexw5bcrzvotdiiroieoipypbyd,failed,not_found,107,9C34EAD957DF77978BCF356F3F96B9A79E3961CB,8118F4C0E60C84A453ACCD1641F3A7328CBE6280,0F89912E6A4C4A8ACE43C58FF8B83CA299BFF74F,9803B536ED203C9AAAFC3E53CD4935BA85FF402F,2020-09-06 05:15:00.315000,2020-09-06 05:15:00.930000
fq2dkgnxnsq6ykorby433fo476xysxexw5bcrzvotdiiroieoipypbyd,failed,not_found,112,9C34EAD957DF77978BCF356F3F96B9A79E3961CB,38CC95A8CE92A591D4A5779359BEFFBA13FA1B88,44785E74F67FCABDCAF054486950B35140B9EE6E,15A07041C8526DE32AF56EBF5D7F4982E30BF287,2020-09-06 05:15:00.930000,2020-09-06 05:15:02.359000
fq2dkgnxnsq6ykorby433fo476xysxexw5bcrzvotdiiroieoipypbyd,failed,not_found,159,9C34EAD957DF77978BCF356F3F96B9A79E3961CB,6ACAB4394A94BBFFF391497143E3B49C84798672,453E51CBAA4C2169EBCB05583247DD6201E87FAD,FC627D21D5AFB33C146F77474ACC33CF119A60FB,2020-09-06 05:15:02.359000,2020-09-06 05:15:07.341000
gm7oj7qxfhrh553uqdk7syx4lkhpeglnrbc7jwngancvrdkwjgapunad,failed,not_found,64,9C34EAD957DF77978BCF356F3F96B9A79E3961CB,E23E5C79354904E66705D9DEC1DE0861D1075F47,A066E7983758C7CC0097E16ACF4F7B71BAFA44E9,513753D2C4A1246DCC21241C5BE5022CCBD2645C,2020-09-06 05:14:52.784000,2020-09-06 05:14:53.328000
gm7oj7qxfhrh553uqdk7syx4lkhpeglnrbc7jwngancvrdkwjgapunad,failed,not_found,65,9C34EAD957DF77978BCF356F3F96B9A79E3961CB,EBE718E1A49EE229071702964F8DB1F318075FF8,198F12E2DEFBE6BEEBC38B2FEDD615AECB38DA7A,5475E1C23C16B6FEFC2C56FA20FF674726D7FE26,2020-09-06 05:14:53.328000,2020-09-06 05:14:54.033000
gm7oj7qxfhrh553uqdk7syx4lkhpeglnrbc7jwngancvrdkwjgapunad,failed,not_found,68,9C34EAD957DF77978BCF356F3F96B9A79E3961CB,36FA576EE55BE5F1297370FBECBBBEB6125BBE4A,77A56CB237740E24AEA2D61C8C8936232AFC1BD8,7E7D257777019B80771C5F6FF63DB6D89AE5B067,2020-09-06 05:14:54.033000,2020-09-06 05:14:55.181000
gm7oj7qxfhrh553uqdk7syx4lkhpeglnrbc7jwngancvrdkwjgapunad,failed,not_found,77,9C34EAD957DF77978BCF356F3F96B9A79E3961CB,0FFA1246DD0C441D9A43A54C9D1BD46BB528A063,5CFC486780CBD4446B764E51608D6574003B350D,2AD22DDE34790BBE19FB4D11DDCBBFDC45EF16A6,2020-09-06 05:14:55.182000,2020-09-06 05:14:55.898000
gm7oj7qxfhrh553uqdk7syx4lkhpeglnrbc7jwngancvrdkwjgapunad,failed,not_found,81,9C34EAD957DF77978BCF356F3F96B9A79E3961CB,1019A42C8655F263DF95DAAFA8314591D152A2E2,13F7EAE731CA4600951986921E08ECAB9B1D2AF6,316DE45EFFB53671C9FD53CE0992952846709A29,2020-09-06 05:14:55.899000,2020-09-06 05:14:56.666000
gm7oj7qxfhrh553uqdk7syx4lkhpeglnrbc7jwngancvrdkwjgapunad,failed,not_found,86,9C34EAD957DF77978BCF356F3F96B9A79E3961CB,BB004C7F4C5C9FAE5E001864537F89388444F572,66DFC51E724E38DDCB3AB67DDF4C0BB0F1F49C0B,EB7551CC1130A01BB3B19128B6E2791BC2AA3052,2020-09-06 05:14:56.667000,2020-09-06 05:14:57.385000
agqtjtfttd2wgzbnakqenq7xvikpejdngyov33xlepuy4y32yefrjrid,failed,not_found,66,9C34EAD957DF77978BCF356F3F96B9A79E3961CB,FB016E16B8CD7A0E53DEEF31ED8754E4F6B8E837,EDC579FF076E841057F4F34150596E1572323077,0AD3B16ADF3EED3E5962FA944CD501352E790814,2020-09-06 05:14:53.770000,2020-09-06 05:14:54.084000
agqtjtfttd2wgzbnakqenq7xvikpejdngyov33xlepuy4y32yefrjrid,failed,not_found,69,9C34EAD957DF77978BCF356F3F96B9A79E3961CB,C005F0CB30CD54CB45FF08ED151511A286B1B7CE,069E732EC96774ED5609D4803D7B1130E338B0EB,CE16FCC68A8EFB0D1D3E0F3E7BA2A4E1950266E9,2020-09-06 05:14:54.084000,2020-09-06 05:14:55.398000
agqtjtfttd2wgzbnakqenq7xvikpejdngyov33xlepuy4y32yefrjrid,failed,not_found,78,9C34EAD957DF77978BCF356F3F96B9A79E3961CB,99339F3E68BCCC1391BF14C821D80766FE0C5956,6C251FA7F45E9DEDF5F69BA3D167F6BA736F49CD,572FC2E6D89E8D773488A76F05DDEE3173A076E0,2020-09-06 05:14:55.399000,2020-09-06 05:14:56.326000
agqtjtfttd2wgzbnakqenq7xvikpejdngyov33xlepuy4y32yefrjrid,failed,not_found,84,9C34EAD957DF77978BCF356F3F96B9A79E3961CB,1F4105C688E835A56AF3D66C787677B57240FFA2,B3DA9D673321B92253DCCD38A9740F2C562C91EA,F4BABDAA5DA115DE122DE4158712D53D7450BC65,2020-09-06 05:14:56.326000,2020-09-06 05:14:56.899000
agqtjtfttd2wgzbnakqenq7xvikpejdngyov33xlepuy4y32yefrjrid,failed,not_found,88,9C34EAD957DF77978BCF356F3F96B9A79E3961CB,968CB7DA0C56E66F22B78CBA0562FE132939D8BF,669BE4BBFA06BB7C77B95246F57DDF5BAFC48712,E4012D3B0DFB5CB743A21C2CA41231BBA29786BB,2020-09-06 05:14:56.899000,2020-09-06 05:14:57.664000
agqtjtfttd2wgzbnakqenq7xvikpejdngyov33xlepuy4y32yefrjrid,failed,not_found,93,9C34EAD957DF77978BCF356F3F96B9A79E3961CB,BF735F669481EE1CCC348F0731551C933D1E2278,708A968F3644F8A547156368FEA3DB664110E631,887CAB501A9DB68A2C44EDF98BF50B0304EED8B6,2020-09-06 05:14:57.665000,2020-09-06 05:14:58.258000
l7rmnugx3uorp7isakqyjgqmuhvls5yjnj5mbdsjqmkx44nj4olxdxyd,failed,not_found,75,9C34EAD957DF77978BCF356F3F96B9A79E3961CB,1B91B86B67317A63636FE38ABE6C4E701A2B1A99,9127D95DAA81291F26BE45B1A73E2F1145887B94,6FB20BB05A841CDDB308E85A4D117FCFC911F5EA,2020-09-06 05:14:54.757000,2020-09-06 05:14:56.061000
l7rmnugx3uorp7isakqyjgqmuhvls5yjnj5mbdsjqmkx44nj4olxdxyd,failed,not_found,82,9C34EAD957DF77978BCF356F3F96B9A79E3961CB,EF3CF4D2823A6C995CBDBF41D5C55A865CF841D1,C964229B3A2379E07332A800E53009EAABBFAA30,DCEA2A6D8034E164A4FFDD8AFF997E2F6FB2ECF8,2020-09-06 05:14:56.061000,2020-09-06 05:14:56.898000
l7rmnugx3uorp7isakqyjgqmuhvls5yjnj5mbdsjqmkx44nj4olxdxyd,failed,not_found,123,9C34EAD957DF77978BCF356F3F96B9A79E3961CB,0E300A0942899B995AE08CEF58062BCFEB51EEDF,8701E70AC4C0C9E1FE47EA853FC997D29BE5D65C,3B4C5729F829CA2E895B81AF834A63DB336D0FFE,2020-09-06 05:14:56.898000,2020-09-06 05:15:03.282000
l7rmnugx3uorp7isakqyjgqmuhvls5yjnj5mbdsjqmkx44nj4olxdxyd,failed,not_found,131,9C34EAD957DF77978BCF356F3F96B9A79E3961CB,F4A4D78F16E9A0353AD5BBEF4632C7022E20FB20,A1B7C1F83E5DA4376FD2E1DBA7AC28A71AB332AD,D111CA928084A907D8BE9B3F1E1D05227A5FBBE0,2020-09-06 05:15:03.283000,2020-09-06 05:15:04.225000
l7rmnugx3uorp7isakqyjgqmuhvls5yjnj5mbdsjqmkx44nj4olxdxyd,failed,not_found,140,9C34EAD957DF77978BCF356F3F96B9A79E3961CB,88CF8D42D49B7C8E9D03ABE5DAE7AF25E9902008,037B6C60DAD4DF32FDA29BF458D5C8C816AA8F3E,F47B13BFCE4EF48CDEF6C4D7C7A99208EBB972B5,2020-09-06 05:15:04.225000,2020-09-06 05:15:04.884000
l7rmnugx3uorp7isakqyjgqmuhvls5yjnj5mbdsjqmkx44nj4olxdxyd,failed,not_found,145,9C34EAD957DF77978BCF356F3F96B9A79E3961CB,A362CADF0EE2A8C025F55310EA9BB5AD89E24411,A99B0D9E5FD5BC3C8F2D006EC91F8C7F40E09CB8,51C367582993D68F8215610B85A99902C945324B,2020-09-06 05:15:04.885000,2020-09-06 05:15:05.403000
6mm6ov565bb6dhuav27gyfvs77u4yfsxf3zbc4ege7zfulmuyigashyd,failed,not_found,79,9C34EAD957DF77978BCF356F3F96B9A79E3961CB,60A9E1FE4D020383A4A0FE58E5950983D08D65E7,461D6EA15966C7F99B43D37ADC116B5B8E47D130,E37322752F135A344FA33E17F4AFA74C27A687E6,2020-09-06 05:14:55.767000,2020-09-06 05:14:56.234000
6mm6ov565bb6dhuav27gyfvs77u4yfsxf3zbc4ege7zfulmuyigashyd,failed,not_found,122,9C34EAD957DF77978BCF356F3F96B9A79E3961CB,61B8BDC91AA7BC9A05EB5A3D652FFF88C98E6911,4586DF1934953F38206B5117237F79C1C8797FC4,7611DAC3C59A43322D774400F57FDA4D2AC0EEE2,2020-09-06 05:14:56.234000,2020-09-06 05:15:03.318000
6mm6ov565bb6dhuav27gyfvs77u4yfsxf3zbc4ege7zfulmuyigashyd,failed,not_found,133,9C34EAD957DF77978BCF356F3F96B9A79E3961CB,901CBA6FF3B90618D3FFEFF040353C267F690DF8,081C9DF6A615A300B382C004DFE2CC37B561C9A0,0C6CA58153400FA077EABB14773E36FD61BF0D75,2020-09-06 05:15:03.318000,2020-09-06 05:15:04.037000
6mm6ov565bb6dhuav27gyfvs77u4yfsxf3zbc4ege7zfulmuyigashyd,failed,not_found,136,9C34EAD957DF77978BCF356F3F96B9A79E3961CB,79E3B585803DE805CCBC00C1EF36B1E74372861D,CC2A573E9049FEF0D3982627C28B87CD876CA628,02928855BFAD787F8B363F21860D1E7D156E0655,2020-09-06 05:15:04.037000,2020-09-06 05:15:05.224000
6mm6ov565bb6dhuav27gyfvs77u4yfsxf3zbc4ege7zfulmuyigashyd,failed,not_found,146,9C34EAD957DF77978BCF356F3F96B9A79E3961CB,42E440E573CAA2C309041B448BDB8FC5D066E535,0C3D5E19E3C75B505C8ACD26F89DCA2DF970553E,A9AD67DAA35CA60386BC8BEE08EB26CAE7865AB6,2020-09-06 05:15:05.224000,2020-09-06 05:15:05.983000
6mm6ov565bb6dhuav27gyfvs77u4yfsxf3zbc4ege7zfulmuyigashyd,failed,not_found,176,9C34EAD957DF77978BCF356F3F96B9A79E3961CB,0512FE6BE9CCA0ED133152E64010B2FBA141EB10,F6D600CF13B3BBE2A91A0653F1EC9D00E7CB3A6B,A932F56F69D24A96A0CBC4F32922A62DEFD28C77,2020-09-06 05:15:05.984000,2020-09-06 05:15:09.506000
wxddiooub4zhlwewvengomglcpjqnr524lnglpv6jczadldckwkipzyd,failed,not_found,85,9C34EAD957DF77978BCF356F3F96B9A79E3961CB,E535EB61F69F0C95C6A3E3E44C990418F8F6BC56,208D900D0E19338C290CAE206CD7BC14FE6982AF,9B8D08275C852A677E8C65E1DDA74431BE509B4C,2020-09-06 05:14:56.759000,2020-09-06 05:14:57.106000
wxddiooub4zhlwewvengomglcpjqnr524lnglpv6jczadldckwkipzyd,failed,not_found,90,9C34EAD957DF77978BCF356F3F96B9A79E3961CB,881F09279F94E9AAD3DE30727DF3AD7C2CE900DF,211310CD09EC290505C1F24018AE5330076412A0,42E440E573CAA2C309041B448BDB8FC5D066E535,2020-09-06 05:14:57.107000,2020-09-06 05:14:57.546000
wxddiooub4zhlwewvengomglcpjqnr524lnglpv6jczadldckwkipzyd,failed,not_found,94,9C34EAD957DF77978BCF356F3F96B9A79E3961CB,2CE96A8A1DA032664C90F574AFFBECE18A6E8DFC,1850585BE9BCA1F80D0A051909C94E49D1C49ED3,20E39F153C8B52B9B0F6E10037BEBFA0A08D0D63,2020-09-06 05:14:57.546000,2020-09-06 05:14:59.045000
wxddiooub4zhlwewvengomglcpjqnr524lnglpv6jczadldckwkipzyd,failed,not_found,100,9C34EAD957DF77978BCF356F3F96B9A79E3961CB,E459E02374D0385D2E2515CBBE707EA208966BCF,63ABFB10EB65440DB4CC52BD0CE624DDC8704FC4,CED52DAAF10D9DEDAE036272D5D0050F121F3EDF,2020-09-06 05:14:59.046000,2020-09-06 05:14:59.729000
wxddiooub4zhlwewvengomglcpjqnr524lnglpv6jczadldckwkipzyd,failed,not_found,103,9C34EAD957DF77978BCF356F3F96B9A79E3961CB,ADE92B0150C933FFE00683E7492F1D930AFABB6D,90CBC3F3F13D5E0D5BFF3B1137A4AC64D389CF09,1F97BE0788A261FF978C082E0AB44ADD96AF1F7A,2020-09-06 05:14:59.730000,2020-09-06 05:15:00.749000
wxddiooub4zhlwewvengomglcpjqnr524lnglpv6jczadldckwkipzyd,failed,not_found,109,9C34EAD957DF77978BCF356F3F96B9A79E3961CB,E7EF73B4722CFAF0E8AA2151D3AA78701DE5F19B,DAD19570682F47FB775B263330BD62B7BF0DEEA8,87D73471FDC64BD9CEDF84435D20CA4EB5C36FE8,2020-09-06 05:15:00.749000,2020-09-06 05:15:01.450000
4wzj3ybhjnhllbejmhpudpw5njltkvych2hk3onrpq3zn3cyy5rztmqd,failed,not_found,91,9C34EAD957DF77978BCF356F3F96B9A79E3961CB,CDF49DB7F5C3396542978423DF041B7218F9E3F9,9DB6BCDC10AEFB2C032857E114AF585A252E9CFB,963879BB424D9A637A63105D5C26A2453C2C2272,2020-09-06 05:14:57.760000,2020-09-06 05:14:58.177000
4wzj3ybhjnhllbejmhpudpw5njltkvych2hk3onrpq3zn3cyy5rztmqd,failed,not_found,96,9C34EAD957DF77978BCF356F3F96B9A79E3961CB,CE47F0356D86CF0A1A2008D97623216D560FB0A8,F0A3054C76604DC75D3F57F55C27F1BFB643F107,038C30D2AD053147C91EFB1291527ED621D7D1B1,2020-09-06 05:14:58.178000,2020-09-06 05:14:58.706000
4wzj3ybhjnhllbejmhpudpw5njltkvych2hk3onrpq3zn3cyy5rztmqd,failed,not_found,97,9C34EAD957DF77978BCF356F3F96B9A79E3961CB,A99B0D9E5FD5BC3C8F2D006EC91F8C7F40E09CB8,2DF58694C18525A4892F514D01039BCF44A05433,4273E6D162ED2717A1CF4207A254004CD3F5307B,2020-09-06 05:14:58.706000,2020-09-06 05:14:58.910000
4wzj3ybhjnhllbejmhpudpw5njltkvych2hk3onrpq3zn3cyy5rztmqd,failed,not_found,99,9C34EAD957DF77978BCF356F3F96B9A79E3961CB,0BCD2A99AA76C0985FC28140CE710549C70AC0FD,8ABC4D5F6182C7E79B087D1ED9E5CF652C83E52C,3B5C6ED2C1DECEB32BF1AD9B7B272F4CE9CE0656,2020-09-06 05:14:58.911000,2020-09-06 05:14:59.571000
4wzj3ybhjnhllbejmhpudpw5njltkvych2hk3onrpq3zn3cyy5rztmqd,failed,not_found,104,9C34EAD957DF77978BCF356F3F96B9A79E3961CB,3B4C5729F829CA2E895B81AF834A63DB336D0FFE,8859E68A7C95BD5AB403F16DAD92681E184D3710,DA13C3CD7EB23CDFD739C31855658BC5B63841EE,2020-09-06 05:14:59.571000,2020-09-06 05:15:00.914000
4wzj3ybhjnhllbejmhpudpw5njltkvych2hk3onrpq3zn3cyy5rztmqd,failed,not_found,111,9C34EAD957DF77978BCF356F3F96B9A79E3961CB,F24F8BEA2779A79111F33F6832B062BED306B9CB,C942FCFABE2D1CE6ABC75D7909E2B1D4DC989024,86CDD0D92AB972538416A382D99666736CDDF141,2020-09-06 05:15:00.915000,2020-09-06 05:15:01.606000
v6feez5j7dy2nxljqwk4y6ujiyb2knfxdhhatsb6qtfvluoozqtxgrad,failed,not_found,98,9C34EAD957DF77978BCF356F3F96B9A79E3961CB,DC40A59D4D744F2C3C7A655EC6BF3A59AFA1C66C,4CFE65E16DBE9D9ED0CFFBD9BEEEE4EAE50CD33F,7D4261853A5CC5E96C8886391919FF2DA02A5801,2020-09-06 05:14:58.761000,2020-09-06 05:14:59.304000
v6feez5j7dy2nxljqwk4y6ujiyb2knfxdhhatsb6qtfvluoozqtxgrad,failed,not_found,102,9C34EAD957DF77978BCF356F3F96B9A79E3961CB,D8C80A5F43C650C98640A5C2E1590949CC96A47B,E00DFD54DC165D5452FBD3530D30186DAD016A0C,4FDC3AE93CD2F81D1B64D94075F6418C06A55314,2020-09-06 05:14:59.305000,2020-09-06 05:15:00.183000
v6feez5j7dy2nxljqwk4y6ujiyb2knfxdhhatsb6qtfvluoozqtxgrad,failed,not_found,106,9C34EAD957DF77978BCF356F3F96B9A79E3961CB,D079D6818926684C5979C18171FB18862A4A5792,0E300A0942899B995AE08CEF58062BCFEB51EEDF,B2ABDED0AB51FAE1D7E682CB31849FFF103030B3,2020-09-06 05:15:00.183000,2020-09-06 05:15:01.754000
v6feez5j7dy2nxljqwk4y6ujiyb2knfxdhhatsb6qtfvluoozqtxgrad,failed,not_found,114,9C34EAD957DF77978BCF356F3F96B9A79E3961CB,A362CADF0EE2A8C025F55310EA9BB5AD89E24411,1D8ED54EA9DF2D46558AD0096DD5D9DD297F13A8,E34C28D652520D7C8D386EA3958EA924910E647B,2020-09-06 05:15:01.755000,2020-09-06 05:15:02.468000
v6feez5j7dy2nxljqwk4y6ujiyb2knfxdhhatsb6qtfvluoozqtxgrad,failed,not_found,126,9C34EAD957DF77978BCF356F3F96B9A79E3961CB,B04322CA1A173C40602D87597412FB40A3BE2953,ADC4E832DC8A3D9242FFA6424A99BD55EBA1403B,C5A3098B98FE432B9B875BEAE8BFFA6462776FF7,2020-09-06 05:15:02.468000,2020-09-06 05:15:03.220000
v6feez5j7dy2nxljqwk4y6ujiyb2knfxdhhatsb6qtfvluoozqtxgrad,failed,not_found,130,9C34EAD957DF77978BCF356F3F96B9A79E3961CB,7D31D5118D47BF86C550ABB79EDDE865EC31B67F,C7B6A1B76B6476DB3DA8C960E262CC7425B5C5F8,BF7A29C67B0502CF3082B1332BBFBCABAAC550D5,2020-09-06 05:15:03.221000,2020-09-06 05:15:03.965000
por7xsdijcza6l2s7qw234dsd756z4dmepbkp66i56fxbnz45z6g6jyd,failed,not_found,105,9C34EAD957DF77978BCF356F3F96B9A79E3961CB,14E72D4DA10B66353E583F26EE04AC0D563EA7EF,5CFF40C764AC4F80FEADF94F7140B56FB21B5777,EA1AF22E93AC7B8A00DB3197913EE5CAE11FC2F7,2020-09-06 05:14:59.785000,2020-09-06 05:15:01.052000
por7xsdijcza6l2s7qw234dsd756z4dmepbkp66i56fxbnz45z6g6jyd,failed,not_found,113,9C34EAD957DF77978BCF356F3F96B9A79E3961CB,013DD355516AB903580197E506A45C9D522AC078,02928855BFAD787F8B363F21860D1E7D156E0655,E68CC9C2E262E01C4C71C8F66F07517B0AB5E245,2020-09-06 05:15:01.052000,2020-09-06 05:15:01.755000
por7xsdijcza6l2s7qw234dsd756z4dmepbkp66i56fxbnz45z6g6jyd,failed,not_found,116,9C34EAD957DF77978BCF356F3F96B9A79E3961CB,92BBADCB0697F5EB1792C607EE2DC1C291A98ADC,36FA576EE55BE5F1297370FBECBBBEB6125BBE4A,9B8D08275C852A677E8C65E1DDA74431BE509B4C,2020-09-06 05:15:01.755000,2020-09-06 05:15:02.477000
por7xsdijcza6l2s7qw234dsd756z4dmepbkp66i56fxbnz45z6g6jyd,failed,not_found,215,9C34EAD957DF77978BCF356F3F96B9A79E3961CB,F6740DEABFD5F62612FA025A5079EA72846B1F67,8C9E4277399C612C2032CD3C98C052F0D6EA4961,20E39F153C8B52B9B0F6E10037BEBFA0A08D0D63,2020-09-06 05:15:02.477000,2020-09-06 05:15:14.059000
por7xsdijcza6l2s7qw234dsd756z4dmepbkp66i56fxbnz45z6g6jyd,failed,not_found,224,9C34EAD957DF77978BCF356F3F96B9A79E3961CB,D2F16CBF1BD891968D65D44CD21507E3371279F3,63540827C4832D214984EA47B7A68C593F9F862F,2E74F4A6EB5ED3C0182A54900E3A671C5C8DB2D8,2020-09-06 05:15:14.060000,2020-09-06 05:15:15.600000
por7xsdijcza6l2s7qw234dsd756z4dmepbkp66i56fxbnz45z6g6jyd,failed,not_found,238,9C34EAD957DF77978BCF356F3F96B9A79E3961CB,B00B6BA943600447CF72D58DB7A35B16754E43C8,988FEFAA993AE0BEBBFB24BD8E6C272798C61FBF,C37F87C0125E26E6ACF54366FA2198209E856ABE,2020-09-06 05:15:15.600000,2020-09-06 05:15:16.160000
7gwfwb7swl5dwu6a6uwjjzfuv3ozgcl33gbao77xumvd3zyyci53goyd,failed,not_found,110,9C34EAD957DF77978BCF356F3F96B9A79E3961CB,3F065BB0B02FB2303E144383D16C47A7DED75AE7,BA39D0333CF0F2026F58D8A493168F92A016CAA1,E8562C7CFBEB6501F2E02DA00203F958E8B1685C,2020-09-06 05:15:00.768000,2020-09-06 05:15:01.633000
7gwfwb7swl5dwu6a6uwjjzfuv3ozgcl33gbao77xumvd3zyyci53goyd,failed,not_found,115,9C34EAD957DF77978BCF356F3F96B9A79E3961CB,72A33E374DE5AD1E617394896F0FD8B092D3E7C4,00EAAFDC05DCD6EBD1E06E0B4F1F35D16DF0BA80,C59E079437340E3AD14E6785C0A91A5B6F328566,2020-09-06 05:15:01.634000,2020-09-06 05:15:02.739000
7gwfwb7swl5dwu6a6uwjjzfuv3ozgcl33gbao77xumvd3zyyci53goyd,failed,not_found,128,9C34EAD957DF77978BCF356F3F96B9A79E3961CB,0B555940D37DC849728841C0B290074E1A1BDCA8,D50EF9DF87048AC3C5929F625169145C21745247,F5EC447EC58788981F1777BF7D2E6CF4C3E12552,2020-09-06 05:15:02.739000,2020-09-06 05:15:03.526000
7gwfwb7swl5dwu6a6uwjjzfuv3ozgcl33gbao77xumvd3zyyci53goyd,failed,not_found,135,9C34EAD957DF77978BCF356F3F96B9A79E3961CB,0B25110BA3473A6DC04AB58A3A0D5E4D6922A0E0,6ACAB4394A94BBFFF391497143E3B49C84798672,6B9D965C6149D09DF970C1D086AC8F575643F587,2020-09-06 05:15:03.526000,2020-09-06 05:15:04.062000
7gwfwb7swl5dwu6a6uwjjzfuv3ozgcl33gbao77xumvd3zyyci53goyd,failed,not_found,141,9C34EAD957DF77978BCF356F3F96B9A79E3961CB,221546DAE86B003139B13BD6F6AE1B4B42B59DF8,79C01511E54F942EEFC030EB52AF3F864FC44921,4DCB46379527DD9E958879C18628FDA7C2A4AF84,2020-09-06 05:15:04.062000,2020-09-06 05:15:06.760000
7gwfwb7swl5dwu6a6uwjjzfuv3ozgcl33gbao77xumvd3zyyci53goyd,failed,not_found,161,9C34EAD957DF77978BCF356F3F96B9A79E3961CB,A2C6C931D8627C6605288970889DDB88C7BA2142,3CE90527D5712296B58E7EB7CD57F7D388D25FBB,4E9796481C1E75F75D57E8C1FC8C8ED111433316,2020-09-06 05:15:06.761000,2020-09-06 05:15:07.342000
sprnwnocveqles272zf2ul3yf7rs5vihsdhc42cmjo5ckdy4j7qgspyd,failed,not_found,149,9C34EAD957DF77978BCF356F3F96B9A79E3961CB,B0537CD220A60ECF8045439658A53254C0D63DCB,C75CDD818316ABBC839F9F0DDAEC873FCF60C370,C2EE40EE8451F27C2357E8B1EA1E8E6F642273EB,2020-09-06 05:15:01.766000,2020-09-06 05:15:06.083000
sprnwnocveqles272zf2ul3yf7rs5vihsdhc42cmjo5ckdy4j7qgspyd,failed,not_found,154,9C34EAD957DF77978BCF356F3F96B9A79E3961CB,96D656384559910834CFDB128D843F819D5D2FD5,60C6ED5D3DFD5442F008352261C3A174831F8749,C7946D9A192BBE44C1C8A926A8B135AC495D6636,2020-09-06 05:15:06.083000,2020-09-06 05:15:06.751000
sprnwnocveqles272zf2ul3yf7rs5vihsdhc42cmjo5ckdy4j7qgspyd,failed,not_found,163,9C34EAD957DF77978BCF356F3F96B9A79E3961CB,0FE31E8B143BCA123905993356D1DE49C715E455,B204DE75B37064EF6A4C6BAF955C5724578D0B32,6CB7D0F355B60EF166439E96876BCDEBF8FD8E0F,2020-09-06 05:15:06.752000,2020-09-06 05:15:07.274000
sprnwnocveqles272zf2ul3yf7rs5vihsdhc42cmjo5ckdy4j7qgspyd,failed,not_found,168,9C34EAD957DF77978BCF356F3F96B9A79E3961CB,C1B79C4CD9B713BBB6B0522155B46A7BFE3BFAAE,69B53A5AE5025DA8947F7C32F69CA90375ED2A4E,088A6237EED87EDEB0E1E3AD0A4A419F963F0787,2020-09-06 05:15:07.274000,2020-09-06 05:15:07.842000
sprnwnocveqles272zf2ul3yf7rs5vihsdhc42cmjo5ckdy4j7qgspyd,failed,not_found,172,9C34EAD957DF77978BCF356F3F96B9A79E3961CB,6E9642DDB353D044931029C036D1CAD832F3DFD7,6206ABDDC29EC1D9388223580EB4B0BC81576609,AF1C02D6BF9827BB956F09C454C28B431B1EFFE7,2020-09-06 05:15:07.843000,2020-09-06 05:15:08.732000
sprnwnocveqles272zf2ul3yf7rs5vihsdhc42cmjo5ckdy4j7qgspyd,failed,not_found,177,9C34EAD957DF77978BCF356F3F96B9A79E3961CB,85A3AC041E3FCD796AF5D653953D5E27A56E3719,56781CCC9F6D29FEA148799AB588429C893A473C,B0F17A56FA8686CCB33D3F302FC40F06F463B4AE,2020-09-06 05:15:08.732000,2020-09-06 05:15:09.002000
sxbqyj6pgtrgmufl27smsay5de74uucqgr5xoj7bh7pf6fnfw3edgkyd,failed,not_found,129,9C34EAD957DF77978BCF356F3F96B9A79E3961CB,AF51116B72FFF27806184BAC7DF61564AB7E5C9F,BF7BFCB3096FC81FBD0B7ADA66164431EC7FD117,DD53A8A1E31C3959AF8AFB5A06F93C7C36350C29,2020-09-06 05:15:02.762000,2020-09-06 05:15:04.051000
sxbqyj6pgtrgmufl27smsay5de74uucqgr5xoj7bh7pf6fnfw3edgkyd,failed,not_found,137,9C34EAD957DF77978BCF356F3F96B9A79E3961CB,7B10E2D82A60EFC4E97CE5A9F4E8C9A79C59DFC5,42E440E573CAA2C309041B448BDB8FC5D066E535,B35908DAB591CF268A19E85BBCDE30C0428A4CFB,2020-09-06 05:15:04.051000,2020-09-06 05:15:05.837000
sxbqyj6pgtrgmufl27smsay5de74uucqgr5xoj7bh7pf6fnfw3edgkyd,failed,not_found,150,9C34EAD957DF77978BCF356F3F96B9A79E3961CB,356B94BAD3096790E409790898144A4030AC225C,BD2A34ADE4E603A272FAAD23AEF389801BB223BB,BC7ACFAC04854C77167C7D66B7E471314ED8C410,2020-09-06 05:15:05.838000,2020-09-06 05:15:06.261000
sxbqyj6pgtrgmufl27smsay5de74uucqgr5xoj7bh7pf6fnfw3edgkyd,failed,not_found,156,9C34EAD957DF77978BCF356F3F96B9A79E3961CB,76D2EBA82BBCCA3DF9F254A9A8372A10A26F3D14,1CA811478AB30F5DE80825E15F95AF18DCD32B2F,690DA42C9C47577A383394CE4AF61BE628824E21,2020-09-06 05:15:06.262000,2020-09-06 05:15:07.081000
sxbqyj6pgtrgmufl27smsay5de74uucqgr5xoj7bh7pf6fnfw3edgkyd,failed,not_found,166,9C34EAD957DF77978BCF356F3F96B9A79E3961CB,CD6E8C548704F4CE544CD71365D46F110518FBED,91DDE492833DA13509B2ABEF3E8F6D5161153385,C395592F1D779E6775806AFFAD66199E3972DAA2,2020-09-06 05:15:07.081000,2020-09-06 05:15:07.712000
sxbqyj6pgtrgmufl27smsay5de74uucqgr5xoj7bh7pf6fnfw3edgkyd,failed,not_found,202,9C34EAD957DF77978BCF356F3F96B9A79E3961CB,0388F4E194E2138C30A139A82AA3F5306C456C53,98E793DE91D00D3BA38286D23A45133B24B799CF,41427448C41642832130C2C29AF1FEAC3B3EED35,2020-09-06 05:15:07.712000,2020-09-06 05:15:12.592000
k5h65u4cbnmnpxq4bjj7vnlu2k4vpjasaar2oxnzv3xbdawayof2naad,failed,not_found,134,9C34EAD957DF77978BCF356F3F96B9A79E3961CB,E087F6FBA148F8BB6A520CEF08FA5BF324828B22,71D15B4A7DD9FB70B0E1439F7D350B8FACCFC306,3C5915348D731505C48112F4F03235FDE7B8C837,2020-09-06 05:15:03.751000,2020-09-06 05:15:04.167000
k5h65u4cbnmnpxq4bjj7vnlu2k4vpjasaar2oxnzv3xbdawayof2naad,failed,not_found,139,9C34EAD957DF77978BCF356F3F96B9A79E3961CB,85A3AC041E3FCD796AF5D653953D5E27A56E3719,A4771CB90024F1870D622960519945A3E49B40FE,E3DAF067B028450B31CF5CE118F2F9AC53146ABD,2020-09-06 05:15:04.168000,2020-09-06 05:15:04.870000
k5h65u4cbnmnpxq4bjj7vnlu2k4vpjasaar2oxnzv3xbdawayof2naad,failed,not_found,144,9C34EAD957DF77978BCF356F3F96B9A79E3961CB,3CEA56B817455E13C4B063E7D3E7726C286F7C9B,221546DAE86B003139B13BD6F6AE1B4B42B59DF8,68016A9AC477AE039B8EE07C36CABC0440126A67,2020-09-06 05:15:04.871000,2020-09-06 05:15:05.576000
k5h65u4cbnmnpxq4bjj7vnlu2k4vpjasaar2oxnzv3xbdawayof2naad,failed,not_found,183,9C34EAD957DF77978BCF356F3F96B9A79E3961CB,DD3F8B9643B1EA35353FC7331C92F99668A7F30C,CF051D466CBEB31925F48A932E2AA0D7F203120B,B66214DE9CA232885171EB18702E7BA57AB56FE7,2020-09-06 05:15:05.576000,2020-09-06 05:15:11.910000
k5h65u4cbnmnpxq4bjj7vnlu2k4vpjasaar2oxnzv3xbdawayof2naad,failed,not_found,205,9C34EAD957DF77978BCF356F3F96B9A79E3961CB,DE1F613AEF875E5FCD1E471866A8DE4BEC2F1160,D52A160303C638D9FB03463F8A6B7934D5787F4C,62712B2C24A169B24336CD2FE2BE55DA67476C8B,2020-09-06 05:15:11.911000,2020-09-06 05:15:12.587000
k5h65u4cbnmnpxq4bjj7vnlu2k4vpjasaar2oxnzv3xbdawayof2naad,failed,not_found,211,9C34EAD957DF77978BCF356F3F96B9A79E3961CB,6B13A2C3331FB5F8B37F0AEE9341D5CF1C21F3AD,A0BD104E35D36F5630B01EB5370597EB09204C99,835D88AE990CA3A33A49F800F64ACE580F4C21FE,2020-09-06 05:15:12.588000,2020-09-06 05:15:14.019000
rk3nkq4qtz7xx7ny7j76jsyx72narsny53ff5pasoqfzpok32464i3qd,failed,not_found,143,9C34EAD957DF77978BCF356F3F96B9A79E3961CB,3FE39429CB7077BBB13D2774591A1B80EE493742,2AE2CA4BD2B7754F29432C25E03314D52AC4CAF1,CC35A0069EAD4DB32C21AA6BFE2F872FE30742FD,2020-09-06 05:15:04.789000,2020-09-06 05:15:05.224000
rk3nkq4qtz7xx7ny7j76jsyx72narsny53ff5pasoqfzpok32464i3qd,failed,not_found,147,9C34EAD957DF77978BCF356F3F96B9A79E3961CB,8E0526EEB84057C88897A5B5FEB8199425C0C2EF,61B2102DB3D97F16FBB359EFE86EC6887A1B3B5A,C680718A6F51A8F7C5D4E68269ED5B2C07FE531B,2020-09-06 05:15:05.224000,2020-09-06 05:15:06.898000
rk3nkq4qtz7xx7ny7j76jsyx72narsny53ff5pasoqfzpok32464i3qd,failed,not_found,165,9C34EAD957DF77978BCF356F3F96B9A79E3961CB,CE1FD7659F2DFE92B883083C0C6C974616D17F3D,CC27183EF95AAA7E8BACF8326615D701C500C42C,F7026246823C6322921F3AB87537EBB020AB01E5,2020-09-06 05:15:06.898000,2020-09-06 05:15:09.235000
rk3nkq4qtz7xx7ny7j76jsyx72narsny53ff5pasoqfzpok32464i3qd,failed,not_found,182,9C34EAD957DF77978BCF356F3F96B9A79E3961CB,FCF61C25093BB33BAA203D8EE7E65466D42ECF98,17E693C615503754493153DF8E71F6C18CE6EE86,AFE05115595A1D028E91AD41F6A07239DB04CEBC,2020-09-06 05:15:09.236000,2020-09-06 05:15:09.942000
rk3nkq4qtz7xx7ny7j76jsyx72narsny53ff5pasoqfzpok32464i3qd,failed,not_found,187,9C34EAD957DF77978BCF356F3F96B9A79E3961CB,634DCB4A23477F0235348C724599227BFDF41EAF,316DE45EFFB53671C9FD53CE0992952846709A29,8049F8C058587A66246E8A93A56957CE29165F72,2020-09-06 05:15:09.942000,2020-09-06 05:15:12.121000
rk3nkq4qtz7xx7ny7j76jsyx72narsny53ff5pasoqfzpok32464i3qd,failed,not_found,209,9C34EAD957DF77978BCF356F3F96B9A79E3961CB,EA3616A0B9BBBDC74121D8D6F01EABDDCF6BE35D,ADC4E832DC8A3D9242FFA6424A99BD55EBA1403B,E8C8667CAF3D5148E52ECF736A7B204982F78EAA,2020-09-06 05:15:12.121000,2020-09-06 05:15:12.706000
o2zeyg5y7em4fuakyeoem62zuv6dq7teb74roqndwgdgmqs6vza4qsad,failed,not_found,152,9C34EAD957DF77978BCF356F3F96B9A79E3961CB,CC6910CF21D17C1BD68FE224CE7685BEB42558A8,8E76F1F6E8499CCE975C451560586A5F8BF0BFDB,F5D1C0B4C1D289FA370488075C608E776134DD94,2020-09-06 05:15:05.792000,2020-09-06 05:15:06.562000
o2zeyg5y7em4fuakyeoem62zuv6dq7teb74roqndwgdgmqs6vza4qsad,failed,not_found,162,9C34EAD957DF77978BCF356F3F96B9A79E3961CB,96CFE178A1D12489D9D59A0CAE17FE86F5A3A79F,013DD355516AB903580197E506A45C9D522AC078,355340273E78DAC664B2328EC46D61998D797141,2020-09-06 05:15:06.563000,2020-09-06 05:15:07.259000
o2zeyg5y7em4fuakyeoem62zuv6dq7teb74roqndwgdgmqs6vza4qsad,failed,not_found,167,9C34EAD957DF77978BCF356F3F96B9A79E3961CB,61B2102DB3D97F16FBB359EFE86EC6887A1B3B5A,B6D8F44F3D8CB6835B392394916365E36751C3BC,5544620C1442CE7CA8A548CF9998AD7E2E351141,2020-09-06 05:15:07.259000,2020-09-06 05:15:08.381000
o2zeyg5y7em4fuakyeoem62zuv6dq7teb74roqndwgdgmqs6vza4qsad,failed,not_found,175,9C34EAD957DF77978BCF356F3F96B9A79E3961CB,1ADD9341344FC0B459D467A5E4351BB9A3CA16AA,F5C3DA7642BB037E0D279359AE88CD7FC03A98A0,100195E079A761751587E31A091D2E2206F35C3A,2020-09-06 05:15:08.382000,2020-09-06 05:15:09.047000
o2zeyg5y7em4fuakyeoem62zuv6dq7teb74roqndwgdgmqs6vza4qsad,failed,not_found,181,9C34EAD957DF77978BCF356F3F96B9A79E3961CB,57867F90811A563C2A25F34C1FB1BB5003F919EE,879370F54AA1162ED85783996CAA963E642B3056,A7C7EB2A0DFB2E3FFFC12B7756707433DD550F9E,2020-09-06 05:15:09.048000,2020-09-06 05:15:10.466000
o2zeyg5y7em4fuakyeoem62zuv6dq7teb74roqndwgdgmqs6vza4qsad,failed,not_found,194,9C34EAD957DF77978BCF356F3F96B9A79E3961CB,ABCD041C95994C8F82DE4DB464C9A778736A9BF6,64E257D94E739278D5954CC820C9D7EAC4E7A7B7,599A708756048993A1029B2775EEF8C9E40BB640,2020-09-06 05:15:10.466000,2020-09-06 05:15:11.140000
b4pzrcmu46cdbifc7srq5xn264paufjpkq2ffrsdozvy6iib63vk3sad,failed,not_found,164,9C34EAD957DF77978BCF356F3F96B9A79E3961CB,5CF342DBBD6170BEE00CD52ACB4076D551085E7F,7674C383F7F551E065E3E95BBCFC067157546A17,CEACA34874EAD103D27CA6A7650B16112F12B209,2020-09-06 05:15:06.773000,2020-09-06 05:15:07.499000
b4pzrcmu46cdbifc7srq5xn264paufjpkq2ffrsdozvy6iib63vk3sad,failed,not_found,170,9C34EAD957DF77978BCF356F3F96B9A79E3961CB,0B25110BA3473A6DC04AB58A3A0D5E4D6922A0E0,861BCFDD148973985E7FE97C7455C9E4AC4E13BE,BEC85424BD423975E11ED05BF4FEAB3A7526510F,2020-09-06 05:15:07.499000,2020-09-06 05:15:08.657000
b4pzrcmu46cdbifc7srq5xn264paufjpkq2ffrsdozvy6iib63vk3sad,failed,not_found,178,9C34EAD957DF77978BCF356F3F96B9A79E3961CB,28B86FF1F7876647A2ECFC0B1F0F640B6DD4AEF2,BAD218F0E77F31B5EC6EEF264756ABF1D8B7810A,6A6E168C7FB2909DBEBCA7BF43B818583C37F3EA,2020-09-06 05:15:08.658000,2020-09-06 05:15:10.762000
b4pzrcmu46cdbifc7srq5xn264paufjpkq2ffrsdozvy6iib63vk3sad,failed,not_found,227,9C34EAD957DF77978BCF356F3F96B9A79E3961CB,B96B5141004995295FE87DCCE1A54519BD0BB48A,8FA37B93397015B2BC5A525C908485260BE9F422,38CC95A8CE92A591D4A5779359BEFFBA13FA1B88,2020-09-06 05:15:10.762000,2020-09-06 05:15:15.047000
b4pzrcmu46cdbifc7srq5xn264paufjpkq2ffrsdozvy6iib63vk3sad,failed,not_found,261,9C34EAD957DF77978BCF356F3F96B9A79E3961CB,DC40A59D4D744F2C3C7A655EC6BF3A59AFA1C66C,0ED0EA324C931CF41CB5272BFB1D015B3D5772A9,BCD2F039FC8B8F1D33742E72E15D710F777F664E,2020-09-06 05:15:15.047000,2020-09-06 05:15:20.052000
b4pzrcmu46cdbifc7srq5xn264paufjpkq2ffrsdozvy6iib63vk3sad,failed,not_found,266,9C34EAD957DF77978BCF356F3F96B9A79E3961CB,A1B7C1F83E5DA4376FD2E1DBA7AC28A71AB332AD,FE1AF5E909002134BFF834F4AD5E1DE723779002,0C6D3655763B1A3A60FC42135CD60765AFE953BA,2020-09-06 05:15:20.053000,2020-09-06 05:15:20.633000
so557c5za6dw5v7fezzhtubw7wvc6cvlwmh7bll3m5t2rc6y6efgfqqd,failed,not_found,169,9C34EAD957DF77978BCF356F3F96B9A79E3961CB,E087F6FBA148F8BB6A520CEF08FA5BF324828B22,8A57DA2FFB5BA49C041EDE1A095E33E86EA756CC,F5C3DA7642BB037E0D279359AE88CD7FC03A98A0,2020-09-06 05:15:07.763000,2020-09-06 05:15:08.259000
so557c5za6dw5v7fezzhtubw7wvc6cvlwmh7bll3m5t2rc6y6efgfqqd,failed,not_found,174,9C34EAD957DF77978BCF356F3F96B9A79E3961CB,23A2D8DDF761F35CC63BDF65E604B76A7E2F6971,9B2BC7EFD661072AFADC533BE8DCF1C19D8C2DCC,8DE1211901C33379BB9C57E27BED368FF6D45127,2020-09-06 05:15:08.259000,2020-09-06 05:15:08.917000
so557c5za6dw5v7fezzhtubw7wvc6cvlwmh7bll3m5t2rc6y6efgfqqd,failed,not_found,180,9C34EAD957DF77978BCF356F3F96B9A79E3961CB,79891C17AD8A3C9DD26CC6E003EF48EFDCBD7A1B,2EB3C230180694A1E848001E20F36F76A2287039,669A96715B9D7278BA485AFC23DD07C6B90CC70D,2020-09-06 05:15:08.918000,2020-09-06 05:15:09.456000
so557c5za6dw5v7fezzhtubw7wvc6cvlwmh7bll3m5t2rc6y6efgfqqd,failed,not_found,185,9C34EAD957DF77978BCF356F3F96B9A79E3961CB,E546C96AEB2258BD0733949027E8F96156F6B290,D8A2D0080B0C73E1DC0EC9F33B497F64E5FB3F52,FD79B7F9230858B48E75F389661840C702511078,2020-09-06 05:15:09.457000,2020-09-06 05:15:10.080000
so557c5za6dw5v7fezzhtubw7wvc6cvlwmh7bll3m5t2rc6y6efgfqqd,failed,not_found,190,9C34EAD957DF77978BCF356F3F96B9A79E3961CB,7B10E2D82A60EFC4E97CE5A9F4E8C9A79C59DFC5,1CD48F4ED0F1821FFBF1940802A13EEFD4C27502,2DBA4CFFFD04A3EDA74A58264B4E4F351AA0F5A2,2020-09-06 05:15:10.081000,2020-09-06 05:15:11.164000
so557c5za6dw5v7fezzhtubw7wvc6cvlwmh7bll3m5t2rc6y6efgfqqd,failed,not_found,193,9C34EAD957DF77978BCF356F3F96B9A79E3961CB,A4771CB90024F1870D622960519945A3E49B40FE,D0EAB6A2581F1B105F841B96B48A6246CDE6CEB1,8ABC4D5F6182C7E79B087D1ED9E5CF652C83E52C,2020-09-06 05:15:11.164000,2020-09-06 05:15:11.818000
hhhdixqeqwb7dbe6hd4yrxdcetwizbt26bsibnxrlun7gr5japph54yd,failed,not_found,179,9C34EAD957DF77978BCF356F3F96B9A79E3961CB,795790C25BDE834B836EA54DD96DB2610829573B,9DB9209D01BE9E92FAB1665F016471C821233238,9C07D2A954C68759DFDA4208A41DB47F3699B82F,2020-09-06 05:15:08.756000,2020-09-06 05:15:09.892000
hhhdixqeqwb7dbe6hd4yrxdcetwizbt26bsibnxrlun7gr5japph54yd,failed,not_found,186,9C34EAD957DF77978BCF356F3F96B9A79E3961CB,F0B8B0371FD44A5CA3B05411176AE7EBD5B025BC,4452EEE635A29539EE0C120B1A417D1E2C812F12,C72E73566CB3377AAE5849F5926AD660E4AF82A2,2020-09-06 05:15:09.892000,2020-09-06 05:15:10.762000
hhhdixqeqwb7dbe6hd4yrxdcetwizbt26bsibnxrlun7gr5japph54yd,failed,not_found,196,9C34EAD957DF77978BCF356F3F96B9A79E3961CB,63540827C4832D214984EA47B7A68C593F9F862F,3D615DEF97F387631F50201FAFA6E7B67FDF3FEF,58F3E2956EABB81F673E2FB90E16E001DB4AC3AE,2020-09-06 05:15:10.763000,2020-09-06 05:15:11.293000
hhhdixqeqwb7dbe6hd4yrxdcetwizbt26bsibnxrlun7gr5japph54yd,failed,not_found,200,9C34EAD957DF77978BCF356F3F96B9A79E3961CB,836460C721577873AD1FF8AB000112A9360EB3A0,EDC579FF076E841057F4F34150596E1572323077,B740BCECC4A9569232CDD45C0E1330BA0D030D33,2020-09-06 05:15:11.293000,2020-09-06 05:15:11.887000
hhhdixqeqwb7dbe6hd4yrxdcetwizbt26bsibnxrlun7gr5japph54yd,failed,not_found,203,9C34EAD957DF77978BCF356F3F96B9A79E3961CB,E0A3471C24C9021CC58FBF774203046FD2BC893F,2715B8C9FA7789751FA506EF5EA3D8BD61AA7D24,7327876AE79C997DFE311A7B15B4FA875736BBD1,2020-09-06 05:15:11.888000,2020-09-06 05:15:12.640000
hhhdixqeqwb7dbe6hd4yrxdcetwizbt26bsibnxrlun7gr5japph54yd,failed,not_found,213,9C34EAD957DF77978BCF356F3F96B9A79E3961CB,0E2EEC125A6AC8D5EBF5DB36B776A3DA5510E7A0,EF47A68E4139911341D99B7045D84AE08FE8A7F9,CD5F85DB39C5496558060305AE0B715BE54B794B,2020-09-06 05:15:12.641000,2020-09-06 05:15:13.798000
zvltlue7pitigshqgn5o7gnidfk4o3nfund3w6wfx6kfmyx4vvqitkqd,failed,not_found,184,9C34EAD957DF77978BCF356F3F96B9A79E3961CB,A79F94117D73D4AFA4BCE340A3CB6E345C817594,90633012A1A752D8D02FEC8374A4BF98941A1900,AC2BEDD0BAC72838EA7E6F113F856C4E8018ACDB,2020-09-06 05:15:09.755000,2020-09-06 05:15:10.051000
zvltlue7pitigshqgn5o7gnidfk4o3nfund3w6wfx6kfmyx4vvqitkqd,failed,not_found,189,9C34EAD957DF77978BCF356F3F96B9A79E3961CB,FB691D6E3FEE35C6979EE72AF03A53DD861B4CBB,63B1B3431B48B765DD7CC6B37EAF47BDAEEB4E11,42D47C736518BFA495CA31AEE40AE468F0BDA2A6,2020-09-06 05:15:10.051000,2020-09-06 05:15:11.270000
zvltlue7pitigshqgn5o7gnidfk4o3nfund3w6wfx6kfmyx4vvqitkqd,failed,not_found,199,9C34EAD957DF77978BCF356F3F96B9A79E3961CB,83B4EEC06A237A43F6E64D4457B930E1B02D48DB,014E24C0CD21D2B9829E841D5EC1D3C415F866BF,7AF8C3C1E0E93D2B9E07C2663DE45B6DF28ED38B,2020-09-06 05:15:11.270000,2020-09-06 05:15:12.051000
zvltlue7pitigshqgn5o7gnidfk4o3nfund3w6wfx6kfmyx4vvqitkqd,failed,not_found,207,9C34EAD957DF77978BCF356F3F96B9A79E3961CB,F8D27B163B9247B232A2EEE68DD8B698695C28DE,FD449127D30D8F5D124653D9EF736EDF4A12B4DC,04DFE047ACDF7A6620ACA782FAFC5EF1AE7F4754,2020-09-06 05:15:12.051000,2020-09-06 05:15:12.588000
zvltlue7pitigshqgn5o7gnidfk4o3nfund3w6wfx6kfmyx4vvqitkqd,failed,not_found,212,9C34EAD957DF77978BCF356F3F96B9A79E3961CB,CE73020F2E1C7CE59EDF89EAF262A4485DB21062,56784608242CB15B70ED6CBB8F40EEA3B62AF69E,3994E734DCD794479D1A60F4ABD3FC91CAA395EE,2020-09-06 05:15:12.588000,2020-09-06 05:15:13.343000
zvltlue7pitigshqgn5o7gnidfk4o3nfund3w6wfx6kfmyx4vvqitkqd,failed,not_found,218,9C34EAD957DF77978BCF356F3F96B9A79E3961CB,29DDD25C8383FDA559D4E0E88F820AB88C26212A,949545960655C17A26F6525F67C554233CFE163F,30E899AAFEB7429FEA43A15F2B43759D965E289F,2020-09-06 05:15:13.344000,2020-09-06 05:15:15.311000
yhdgpf4vyqpopl5ylong7rqgfbrls6rrnivqk5qzye5yzl2nfqyk7ryd,failed,not_found,197,9C34EAD957DF77978BCF356F3F96B9A79E3961CB,66BD39FE805AED414ADE400CAAD862C9CC3AC34E,708A968F3644F8A547156368FEA3DB664110E631,E88F8E72100709E226F22DF6A50365480054ECD2,2020-09-06 05:15:10.772000,2020-09-06 05:15:11.327000
yhdgpf4vyqpopl5ylong7rqgfbrls6rrnivqk5qzye5yzl2nfqyk7ryd,failed,not_found,201,9C34EAD957DF77978BCF356F3F96B9A79E3961CB,EFA2E7B073AA4CE2DAF7160F23C90DB805948F4A,B872BA6804C8C6E140AE1897B44CF32B42FD2397,BFBAB22CA31F6C2344C69E05DAE55B1782AD7A36,2020-09-06 05:15:11.327000,2020-09-06 05:15:11.921000
yhdgpf4vyqpopl5ylong7rqgfbrls6rrnivqk5qzye5yzl2nfqyk7ryd,failed,not_found,206,9C34EAD957DF77978BCF356F3F96B9A79E3961CB,36FA576EE55BE5F1297370FBECBBBEB6125BBE4A,66DFC51E724E38DDCB3AB67DDF4C0BB0F1F49C0B,3F6EBCE3AEF01229EA7EADEC0BD50F316342988D,2020-09-06 05:15:11.922000,2020-09-06 05:15:13.420000
yhdgpf4vyqpopl5ylong7rqgfbrls6rrnivqk5qzye5yzl2nfqyk7ryd,failed,not_found,219,9C34EAD957DF77978BCF356F3F96B9A79E3961CB,0935BA9178F9E3B50C99DD53F723865FC224CFA8,8F0EF738A9B1D9D6F73196551CF7CEBF797D4BE3,C2B45199FC6F98E21BFAFE0833348F288FA337E3,2020-09-06 05:15:13.421000,2020-09-06 05:15:14.020000
yhdgpf4vyqpopl5ylong7rqgfbrls6rrnivqk5qzye5yzl2nfqyk7ryd,failed,not_found,222,9C34EAD957DF77978BCF356F3F96B9A79E3961CB,2FFE5FAF70D20E76B0474AE9E40C2A0B53F8D9F0,CD39C258265B25EAA4ABA4FDCB2DF98104CAA362,1D25C7B2DD3C0BD55526DCF95B175EA3E95D9286,2020-09-06 05:15:14.020000,2020-09-06 05:15:14.681000
yhdgpf4vyqpopl5ylong7rqgfbrls6rrnivqk5qzye5yzl2nfqyk7ryd,failed,not_found,230,9C34EAD957DF77978BCF356F3F96B9A79E3961CB,31D270A38505D4BFBBCABF717E9FB4BCA6DDF2FF,C1B79C4CD9B713BBB6B0522155B46A7BFE3BFAAE,E330A88754840629644527394FD43001D5B89C7A,2020-09-06 05:15:14.681000,2020-09-06 05:15:15.223000
no6namgrsszz7f4xbjvl2jhk5porqmx6gi5ycc6opwhmxn4jzmdlrsad,failed,not_found,204,9C34EAD957DF77978BCF356F3F96B9A79E3961CB,FA5647DE9745BA239C9F34E262512C99605472C9,EE010EF80A27AC0B02CDC2B8B214A6201BB02D2B,CE1D843B222F85A0B55DF268F6D6D3A65FF8BAB7,2020-09-06 05:15:11.778000,2020-09-06 05:15:14.152000
no6namgrsszz7f4xbjvl2jhk5porqmx6gi5ycc6opwhmxn4jzmdlrsad,failed,not_found,225,9C34EAD957DF77978BCF356F3F96B9A79E3961CB,C7E332093AD8D8CBBED8AA6136BDDBC337A87BF4,4E81EA3528D6FB79B10B0F11C6FC96CE1C060021,0D99F89BBB92BF5557F8D3F895DB218A72871089,2020-09-06 05:15:14.153000,2020-09-06 05:15:14.655000
no6namgrsszz7f4xbjvl2jhk5porqmx6gi5ycc6opwhmxn4jzmdlrsad,failed,not_found,228,9C34EAD957DF77978BCF356F3F96B9A79E3961CB,97B7BA747B62A9962DEDCE404FF33106D4032F91,CB92FA4D7D71F134CE1F1FFF2BFF53E88DD4A1DB,ED7FDF68D504AEED4E28C6396B3E4A4ED04406B9,2020-09-06 05:15:14.656000,2020-09-06 05:15:15.377000
no6namgrsszz7f4xbjvl2jhk5porqmx6gi5ycc6opwhmxn4jzmdlrsad,failed,not_found,235,9C34EAD957DF77978BCF356F3F96B9A79E3961CB,99774357E7FD1F113F242C469D1D399D444AA51A,49D9E723224005920BE884DD4CD28DD7B7CF0419,C990165973E3A1F27E76B1A429DE15E00F53812C,2020-09-06 05:15:15.377000,2020-09-06 05:15:16.276000
no6namgrsszz7f4xbjvl2jhk5porqmx6gi5ycc6opwhmxn4jzmdlrsad,failed,not_found,242,9C34EAD957DF77978BCF356F3F96B9A79E3961CB,66983A6D2B17AF134C28FC1A950A22AC88546593,24352D30196BEFE5BB29A50923F79A2804527611,BD439540C7B86367B7F279C9CDD4BD601A850787,2020-09-06 05:15:16.276000,2020-09-06 05:15:17.805000
no6namgrsszz7f4xbjvl2jhk5porqmx6gi5ycc6opwhmxn4jzmdlrsad,failed,not_found,247,9C34EAD957DF77978BCF356F3F96B9A79E3961CB,3092A9B4B9356F9D84D7521A59DBFC5CB3B5332C,63E83D6402652032A0034CD2BD50736436F5511F,E014AFBDB463DAD0BABC4868C9B4DF4AAA72F1E9,2020-09-06 05:15:17.805000,2020-09-06 05:15:18.701000
r4mnf5jw7kblgwstwvnne5cz2mpyojvqvl2aa3j3i3t4tla7xkku3zqd,failed,not_found,210,9C34EAD957DF77978BCF356F3F96B9A79E3961CB,0128115EC4CC35785E005F0BF2FEDF7ECDC4F03B,3239007CE1FB2ECDFDF2067DF23B949295DC5EF6,546E52A979FB0FBBDF1DDF360FB20AA03D22AACE,2020-09-06 05:15:12.759000,2020-09-06 05:15:13.264000
r4mnf5jw7kblgwstwvnne5cz2mpyojvqvl2aa3j3i3t4tla7xkku3zqd,failed,not_found,217,9C34EAD957DF77978BCF356F3F96B9A79E3961CB,F0A3054C76604DC75D3F57F55C27F1BFB643F107,04D9CEA8D778ABA130B014F758C2BCADD31DA05E,AC6A78BAE7BBCAC798C7AD17460147214F9EA0CD,2020-09-06 05:15:13.265000,2020-09-06 05:15:14.296000
r4mnf5jw7kblgwstwvnne5cz2mpyojvqvl2aa3j3i3t4tla7xkku3zqd,failed,not_found,226,9C34EAD957DF77978BCF356F3F96B9A79E3961CB,EA79FFE95F5779A34E9FB14CE934A76B22FE6ACE,B6E40167BE842F279B11B2A0F594718387AA75E5,C780D918C83A63C8AE5D378E32C94BFCE0DE9550,2020-09-06 05:15:14.297000,2020-09-06 05:15:15.030000
r4mnf5jw7kblgwstwvnne5cz2mpyojvqvl2aa3j3i3t4tla7xkku3zqd,failed,not_found,233,9C34EAD957DF77978BCF356F3F96B9A79E3961CB,10A1E225A56E02F66011BEA3CD51D9F694D22913,B8E514ADDC653D61DE1FCB67821BB0303778782F,A123F404BD9A15D96CC7930C2BE28103341AC68B,2020-09-06 05:15:15.031000,2020-09-06 05:15:16.237000
r4mnf5jw7kblgwstwvnne5cz2mpyojvqvl2aa3j3i3t4tla7xkku3zqd,failed,not_found,241,9C34EAD957DF77978BCF356F3F96B9A79E3961CB,AE17FAAF8F302A506AF2167666EC62882804403F,6C251FA7F45E9DEDF5F69BA3D167F6BA736F49CD,376DC7CAD597D3A4CBB651999CFAD0E77DC9AE8C,2020-09-06 05:15:16.237000,2020-09-06 05:15:16.811000
r4mnf5jw7kblgwstwvnne5cz2mpyojvqvl2aa3j3i3t4tla7xkku3zqd,failed,not_found,244,9C34EAD957DF77978BCF356F3F96B9A79E3961CB,E05CAC929E391787077066C29461A9D22ECF0809,EAA823552F959DFD038E9AC8FA89345A738B6C00,64FC9B3852BA7EC74E79BD4099D850C338009E77,2020-09-06 05:15:16.811000,2020-09-06 05:15:17.471000
hylka2epduvb2rvluxp7imbrczlitw3k7ylfwsacwiu6c3qeksxcjuqd,failed,not_found,220,9C34EAD957DF77978BCF356F3F96B9A79E3961CB,0516A1A5836825F58848D47B91F47CB593B58D54,1DBC55FA202FCD00B844D6E4FA7862A110714985,C9D02B1644BD47C136E379FDFAF4973D1A1CE07C,2020-09-06 05:15:13.768000,2020-09-06 05:15:14.045000
hylka2epduvb2rvluxp7imbrczlitw3k7ylfwsacwiu6c3qeksxcjuqd,failed,not_found,252,9C34EAD957DF77978BCF356F3F96B9A79E3961CB,174D93DF6242BD4ABE2C09E6607892C3A3905675,065E6B20BF87AE6F0E27063BB8AE002ECC3736E9,834C91DEEB2FE4FEFCE55A99C378968FB659115C,2020-09-06 05:15:14.045000,2020-09-06 05:15:18.909000
hylka2epduvb2rvluxp7imbrczlitw3k7ylfwsacwiu6c3qeksxcjuqd,failed,not_found,256,9C34EAD957DF77978BCF356F3F96B9A79E3961CB,5AD3FB658E490BAD9515F363374AA41D65D31A02,25DE8C9AE0706FB20C0AFEE4D0B75E72C97F72AE,144B194641D397C3C1B7C478E2BF6C21FC7B651C,2020-09-06 05:15:18.910000,2020-09-06 05:15:19.634000
hylka2epduvb2rvluxp7imbrczlitw3k7ylfwsacwiu6c3qeksxcjuqd,failed,not_found,263,9C34EAD957DF77978BCF356F3F96B9A79E3961CB,655A0861B84205093E6E3A9C87EB128C9C4F93AE,0F89912E6A4C4A8ACE43C58FF8B83CA299BFF74F,C0E6A667064385B9CB5A685CEB06B85EDDA6AA00,2020-09-06 05:15:19.635000,2020-09-06 05:15:20.824000
hylka2epduvb2rvluxp7imbrczlitw3k7ylfwsacwiu6c3qeksxcjuqd,failed,not_found,272,9C34EAD957DF77978BCF356F3F96B9A79E3961CB,277F5717A62B3A728C98B3168E484BC08B4997E3,8DCB526722FBE2B3F4C0CE9D020B0589170F8BDA,138ED47EE2156E6492FDE0B61338D973C9717F32,2020-09-06 05:15:20.824000,2020-09-06 05:15:21.378000
hylka2epduvb2rvluxp7imbrczlitw3k7ylfwsacwiu6c3qeksxcjuqd,failed,not_found,267,9C34EAD957DF77978BCF356F3F96B9A79E3961CB,756A8DD40D4166E2863064C98069411559B16887,66DFC51E724E38DDCB3AB67DDF4C0BB0F1F49C0B,003BFA1B6CC5CBEFD5D0082F8FC9AF2A8868A8FB,2020-09-06 05:15:21.379000,2020-09-06 05:15:22.157000
4bldpvrft23pxzxmzroywpjpyixkfuuifngt4wbgwhfazcrou3lgcmyd,failed,not_found,232,9C34EAD957DF77978BCF356F3F96B9A79E3961CB,99339F3E68BCCC1391BF14C821D80766FE0C5956,8F99DCF27BC33D235D20B945AF647AA3DBFCEC59,91E4015E1F82DAF0121D62267E54A1F661AB6DC7,2020-09-06 05:15:14.774000,2020-09-06 05:15:17.530000
4bldpvrft23pxzxmzroywpjpyixkfuuifngt4wbgwhfazcrou3lgcmyd,failed,not_found,248,9C34EAD957DF77978BCF356F3F96B9A79E3961CB,F6740DEABFD5F62612FA025A5079EA72846B1F67,BCEF908195805E03E92CCFE669C48738E556B9C5,34979DBD475FFED9CF6556E349DDEDEE69104345,2020-09-06 05:15:17.531000,2020-09-06 05:15:18.024000
4bldpvrft23pxzxmzroywpjpyixkfuuifngt4wbgwhfazcrou3lgcmyd,failed,not_found,250,9C34EAD957DF77978BCF356F3F96B9A79E3961CB,4280688117CB33E2D1A07CD84DDAD3B3FC9685AF,81F59E8936D0B2105182E4B8200AC07D9274961F,37535409102DFFE92F3DAC809E470E62BC27F1DF,2020-09-06 05:15:18.025000,2020-09-06 05:15:18.672000
4bldpvrft23pxzxmzroywpjpyixkfuuifngt4wbgwhfazcrou3lgcmyd,failed,not_found,255,9C34EAD957DF77978BCF356F3F96B9A79E3961CB,0D7C69551F9186DB589BDF00858314AC136A33DA,461453F94FA0E3CBB011685E22CDAFD2AF0DFDC3,520C85ABE6E731CECC28B1055854053FAA28061B,2020-09-06 05:15:18.672000,2020-09-06 05:15:19.250000
4bldpvrft23pxzxmzroywpjpyixkfuuifngt4wbgwhfazcrou3lgcmyd,failed,not_found,258,9C34EAD957DF77978BCF356F3F96B9A79E3961CB,A1C12067743FA9733F3EA40051E97E9A3E65EBD3,61B2102DB3D97F16FBB359EFE86EC6887A1B3B5A,288C100FFA656938C23F32207CAF0DA932ECD247,2020-09-06 05:15:19.251000,2020-09-06 05:15:19.758000
4bldpvrft23pxzxmzroywpjpyixkfuuifngt4wbgwhfazcrou3lgcmyd,failed,not_found,262,9C34EAD957DF77978BCF356F3F96B9A79E3961CB,79E3B585803DE805CCBC00C1EF36B1E74372861D,63ABFB10EB65440DB4CC52BD0CE624DDC8704FC4,4C30DAC2F7602BDF49C4727CF760AC7A360FF547,2020-09-06 05:15:19.759000,2020-09-06 05:15:20.237000
ryukm3stqalbbke4w2wiqwfrsawrn2hguvlhsyhiw46mm7tgsjetb3yd,failed,not_found,236,9C34EAD957DF77978BCF356F3F96B9A79E3961CB,7355A4A20BA4C083C921464302108C121BAC7EF2,3A6FED8AEB5D7242835F509881D09F425F13EE20,99E246DB480B313A3012BC3363093CC26CD209C7,2020-09-06 05:15:15.759000,2020-09-06 05:15:16.121000
ryukm3stqalbbke4w2wiqwfrsawrn2hguvlhsyhiw46mm7tgsjetb3yd,failed,not_found,239,9C34EAD957DF77978BCF356F3F96B9A79E3961CB,54DE63F4587058B79152A75A0238D7F7A0279215,D6ADA048980EB4314990D7F2BB40B848D605F985,27F3833453C4006DF1E21C6BF62E4FCD8E99DEF2,2020-09-06 05:15:16.122000,2020-09-06 05:15:16.964000
ryukm3stqalbbke4w2wiqwfrsawrn2hguvlhsyhiw46mm7tgsjetb3yd,failed,not_found,274,9C34EAD957DF77978BCF356F3F96B9A79E3961CB,1E1A7C9134637383BE653C41973995A229D81595,AE17FAAF8F302A506AF2167666EC62882804403F,A6AA94B4007A0E2919B2DA8ECF2CFA3CA1761A13,2020-09-06 05:15:16.964000,2020-09-06 05:15:22.057000
ryukm3stqalbbke4w2wiqwfrsawrn2hguvlhsyhiw46mm7tgsjetb3yd,failed,not_found,307,9C34EAD957DF77978BCF356F3F96B9A79E3961CB,39C6F833D4B09524770D3655DF825A11213CA0A9,E7FEC31AE99964103ECC14F37C088A0B6B89132B,DC163DDEF4B6F0C6BC226F9F6656A5A30C5C5686,2020-09-06 05:15:22.057000,2020-09-06 05:15:27.297000
ryukm3stqalbbke4w2wiqwfrsawrn2hguvlhsyhiw46mm7tgsjetb3yd,failed,not_found,312,9C34EAD957DF77978BCF356F3F96B9A79E3961CB,3043C1A6DF23AFEDC8FD3C0671FADCEDFF6D3429,E3D61BAEA0B7CB12CACEDC8821C520557BDFCEA3,5CE3AD8AD04ADE66C0037A3CF5F7F7A40D48A20B,2020-09-06 05:15:27.297000,2020-09-06 05:15:28.071000
ryukm3stqalbbke4w2wiqwfrsawrn2hguvlhsyhiw46mm7tgsjetb3yd,failed,not_found,314,9C34EAD957DF77978BCF356F3F96B9A79E3961CB,8358BDDA9C9A680B4E3A2809E5C24F5B3624D5C2,365F393040AA2979DC01D102F5052CAD048F42F7,C333C56EAAD404ACDDE2FB3A675C5F5DA46A81E2,2020-09-06 05:15:28.072000,2020-09-06 05:15:28.569000
f6orunijxwjuqhjs452sueh5qdm7cwmx7gwqtccka6k4wrghussd5lyd,failed,not_found,243,9C34EAD957DF77978BCF356F3F96B9A79E3961CB,1B90395827F7499A37C73F09BC5AA0225808F6FC,7CD234DFEFE8F215EC9AE2BC1D2CAFC9E0D1CC00,22E1D1DB4723A174E713B1BF4073DAC1C25351B3,2020-09-06 05:15:16.767000,2020-09-06 05:15:17.272000
f6orunijxwjuqhjs452sueh5qdm7cwmx7gwqtccka6k4wrghussd5lyd,failed,not_found,246,9C34EAD957DF77978BCF356F3F96B9A79E3961CB,494E8307AE921E46CCD20BD91C4FACEA8E3CCC5F,FEE41B4BC3056FD2B3BF04E20CAC5AD3904CD5AD,6117337636B8CB979F09B67530477DFFCA61BF88,2020-09-06 05:15:17.273000,2020-09-06 05:15:18.505000
f6orunijxwjuqhjs452sueh5qdm7cwmx7gwqtccka6k4wrghussd5lyd,failed,not_found,254,9C34EAD957DF77978BCF356F3F96B9A79E3961CB,29B1C166067AD33922989492F73BCD3E6E0667CA,B79B3DFF16815702D224C54C16174694F70FBB46,270A22B37FD94BFE381B982206CFDF3C4C2C670C,2020-09-06 05:15:18.505000,2020-09-06 05:15:19.307000
f6orunijxwjuqhjs452sueh5qdm7cwmx7gwqtccka6k4wrghussd5lyd,failed,not_found,259,9C34EAD957DF77978BCF356F3F96B9A79E3961CB,241BC5CA1085B12D48574129F4ACED77A7A65377,AEF0EADA8C92A4DF1500FAE303ECD8E1EBD56670,86C3D279DE1903DF24AA33D1D1581F2AA9464626,2020-09-06 05:15:19.308000,2020-09-06 05:15:20.761000
f6orunijxwjuqhjs452sueh5qdm7cwmx7gwqtccka6k4wrghussd5lyd,failed,not_found,269,9C34EAD957DF77978BCF356F3F96B9A79E3961CB,F9674F45A25CAA977E7B872807E0A070C121F5FA,7AA7FC80E3E0D32E929D2CC094EACF529C95264C,8737307DE84C2621E6399E99123967A9590297F2,2020-09-06 05:15:20.761000,2020-09-06 05:15:21.473000
f6orunijxwjuqhjs452sueh5qdm7cwmx7gwqtccka6k4wrghussd5lyd,failed,not_found,276,9C34EAD957DF77978BCF356F3F96B9A79E3961CB,52A022F16D8CDBF019E132F1538A1798F167973A,A9CC6C0B5B002C6D902827584A336CB15B5C9DC7,30E747B3058994CCCBEAF8B5B4791A9F1628AB7D,2020-09-06 05:15:21.473000,2020-09-06 05:15:22.748000
glqq6dhmwlr33wobziizf677cqdox6amvao74baflc5dsysdmtxfj7ad,failed,not_found,249,9C34EAD957DF77978BCF356F3F96B9A79E3961CB,3E04505D362AA324E6E4E1C8516CCD9EF4D41B9C,571263804EF55F49A8615AA24A20244B777BF539,1034775A01EA629979D0A601EC85FDF2F584CC45,2020-09-06 05:15:17.764000,2020-09-06 05:15:18.300000
glqq6dhmwlr33wobziizf677cqdox6amvao74baflc5dsysdmtxfj7ad,failed,not_found,251,9C34EAD957DF77978BCF356F3F96B9A79E3961CB,08F4692B60862640F688B86826B66F30DEA7AB73,22E6FBDB8D77B4C0FA017D6C5F9B45BECDCBCFF8,1B9235656503E80E913E9C9A139AD89D36E2DFFD,2020-09-06 05:15:18.300000,2020-09-06 05:15:19.427000
glqq6dhmwlr33wobziizf677cqdox6amvao74baflc5dsysdmtxfj7ad,failed,not_found,260,9C34EAD957DF77978BCF356F3F96B9A79E3961CB,26220AEA188B8D0E47BB541E1A616EB3AD70295F,D8DF9660261B158A9DF6C3D7D63DD92B0FD5B9F7,C2481FAAA5508F6C2A64873972281220E9778476,2020-09-06 05:15:19.427000,2020-09-06 05:15:20.012000
glqq6dhmwlr33wobziizf677cqdox6amvao74baflc5dsysdmtxfj7ad,failed,not_found,265,9C34EAD957DF77978BCF356F3F96B9A79E3961CB,EDC579FF076E841057F4F34150596E1572323077,7992F172EDBE69B99F0190651BAC14DD0FD9E5C8,C9B34ABF2C30DA56BD006B7B42610098072BEF4C,2020-09-06 05:15:20.012000,2020-09-06 05:15:20.535000
glqq6dhmwlr33wobziizf677cqdox6amvao74baflc5dsysdmtxfj7ad,failed,not_found,294,9C34EAD957DF77978BCF356F3F96B9A79E3961CB,BBA23BFE816BCB5DC4C2EEB15246204667BA0DAE,87B529BCF6B52BE28BBB22EC4AA702F9AE42D551,73CC65219889443C06E06A0B6D427B1FE1C37379,2020-09-06 05:15:20.536000,2020-09-06 05:15:25.336000
glqq6dhmwlr33wobziizf677cqdox6amvao74baflc5dsysdmtxfj7ad,failed,not_found,299,9C34EAD957DF77978BCF356F3F96B9A79E3961CB,0F85E6DB0E4A3B6FDDF7C9452C9B5D089B11979D,F641F043D50CEFA07EE41EB284466458788808ED,4DE4F06C019EC4814D486524C2A282C1DC7653DE,2020-09-06 05:15:25.336000,2020-09-06 05:15:26.304000
eybac32uj2x6taen3bkxfysrc55si42jlf4tcjq3pmutoxqujww2ujyd,failed,not_found,253,9C34EAD957DF77978BCF356F3F96B9A79E3961CB,A1BBCBEC113DAAC7F17E7A7E698AAA7B147D691A,881F09279F94E9AAD3DE30727DF3AD7C2CE900DF,890530C5B510A506F5CF206EFEC1595F96E727A5,2020-09-06 05:15:18.784000,2020-09-06 05:15:19.153000
eybac32uj2x6taen3bkxfysrc55si42jlf4tcjq3pmutoxqujww2ujyd,failed,not_found,271,9C34EAD957DF77978BCF356F3F96B9A79E3961CB,6E4B0D429CD87AB6C25D72E298294C583FF8BA4A,94025AB7BA718179205F72A939A4AACB497B6EE6,02740F472D1DA5C1B77475F18940FE79F15AF4B8,2020-09-06 05:15:19.153000,2020-09-06 05:15:21.650000
eybac32uj2x6taen3bkxfysrc55si42jlf4tcjq3pmutoxqujww2ujyd,failed,not_found,277,9C34EAD957DF77978BCF356F3F96B9A79E3961CB,04E3B5925EB5F66C6EC810A3D7702E0CA3F9D5E7,47C362713928A711FC105AF54993576E41CB1B7F,D568EAA2A7017AFCD3FBAD64111C92CB8FD3A418,2020-09-06 05:15:21.650000,2020-09-06 05:15:23.651000
eybac32uj2x6taen3bkxfysrc55si42jlf4tcjq3pmutoxqujww2ujyd,failed,not_found,290,9C34EAD957DF77978BCF356F3F96B9A79E3961CB,5ADA85FC78D694F57ADBDCDF3EA7CC39CA552A85,9F5068310818ED7C70B0BC4087AB55CB12CB4377,99339F3E68BCCC1391BF14C821D80766FE0C5956,2020-09-06 05:15:23.652000,2020-09-06 05:15:25.505000
eybac32uj2x6taen3bkxfysrc55si42jlf4tcjq3pmutoxqujww2ujyd,failed,not_found,301,9C34EAD957DF77978BCF356F3F96B9A79E3961CB,99339F3E68BCCC1391BF14C821D80766FE0C5956,2DF0522DBDFDB583489B59B6D30CF9B4FC12F8AA,2ABA91862FD0226372F063C94B8C37513EC8A6B7,2020-09-06 05:15:25.505000,2020-09-06 05:15:26.741000
eybac32uj2x6taen3bkxfysrc55si42jlf4tcjq3pmutoxqujww2ujyd,failed,not_found,308,9C34EAD957DF77978BCF356F3F96B9A79E3961CB,8679CBAFD3F447F9E9CD05A5701501248C24AA4F,E106E06222A1D5A4833DE2C336C870DC3D379901,F174EF31C85E764483F79B5E014C4D81C6F10AB3,2020-09-06 05:15:26.742000,2020-09-06 05:15:27.264000
uieowx4zpk2mdbfv2ebauriwjgsjlx3kejwgcazencldn5kmhpmnf7qd,failed,not_found,264,9C34EAD957DF77978BCF356F3F96B9A79E3961CB,8358BDDA9C9A680B4E3A2809E5C24F5B3624D5C2,D076561769F5C93D628777E3E05D4633D783EB8E,C291114640EA333A6AC5801B5E0EC95C012DFE6B,2020-09-06 05:15:19.773000,2020-09-06 05:15:21.034000
uieowx4zpk2mdbfv2ebauriwjgsjlx3kejwgcazencldn5kmhpmnf7qd,failed,not_found,273,9C34EAD957DF77978BCF356F3F96B9A79E3961CB,D11217B44873FD7C879E541844B4C20B9A7E5CFB,4D2FCB3C654AD6AFCA4AF87E87AE72735F643D8B,B01BF09244C6B73687BB781C5A9C9E812974D086,2020-09-06 05:15:21.035000,2020-09-06 05:15:21.665000
uieowx4zpk2mdbfv2ebauriwjgsjlx3kejwgcazencldn5kmhpmnf7qd,failed,not_found,278,9C34EAD957DF77978BCF356F3F96B9A79E3961CB,1C8B3C3D8BC705883B7799C915B2FE1E0FEB006F,DF2A8EB131E1E97204B31FBAEE9DA619D4D4FA76,DB79AC7630A57A83916DFF17B07208E09BF4C9FA,2020-09-06 05:15:21.666000,2020-09-06 05:15:22.444000
uieowx4zpk2mdbfv2ebauriwjgsjlx3kejwgcazencldn5kmhpmnf7qd,failed,not_found,282,9C34EAD957DF77978BCF356F3F96B9A79E3961CB,D0273C8566CC9AECE4C762376C9B066FE0F1DADD,104DC15ACFA69CF94F89E8ED0F6CDB2D298234D2,9BC9DEC371D17190F0185D7CDA42F30A617B6A7F,2020-09-06 05:15:22.445000,2020-09-06 05:15:23.258000
uieowx4zpk2mdbfv2ebauriwjgsjlx3kejwgcazencldn5kmhpmnf7qd,failed,not_found,286,9C34EAD957DF77978BCF356F3F96B9A79E3961CB,00B57BF614F7ED3051073B5D4526FF0B23AF217B,D4BF9FCA3201E17C4338F642540D2038199DE079,E2B8DEC970657EE1CB872F37E81E59526285EF3F,2020-09-06 05:15:23.259000,2020-09-06 05:15:24.138000
uieowx4zpk2mdbfv2ebauriwjgsjlx3kejwgcazencldn5kmhpmnf7qd,failed,not_found,321,9C34EAD957DF77978BCF356F3F96B9A79E3961CB,069E732EC96774ED5609D4803D7B1130E338B0EB,BD56A1C36196EE968B2A3463CCD64019B4E526D8,43ED7792315172F4E0B8E6EF7387C81F3469CFEC,2020-09-06 05:15:24.138000,2020-09-06 05:15:29.275000
xbird3akdqwdjt3mck2ezvg2q2sr22exaqxdclg7magntmmajnez2myd,failed,not_found,270,9C34EAD957DF77978BCF356F3F96B9A79E3961CB,39CF2F22E5018C01FD57DEB1AB8FDFA4592633FB,3D8A65667A03D839050DCAD120085E257E029536,53412DCC555335B400DB72750ED0BE08D034D779,2020-09-06 05:15:20.767000,2020-09-06 05:15:21.874000
xbird3akdqwdjt3mck2ezvg2q2sr22exaqxdclg7magntmmajnez2myd,failed,not_found,279,9C34EAD957DF77978BCF356F3F96B9A79E3961CB,A4771CB90024F1870D622960519945A3E49B40FE,6EDBE20897BD02A2D8D654D0440FDB2A3B0643E1,2ACEC0EB4F92729B8CA22C868545866B9529431C,2020-09-06 05:15:21.875000,2020-09-06 05:15:23.455000
xbird3akdqwdjt3mck2ezvg2q2sr22exaqxdclg7magntmmajnez2myd,failed,not_found,287,9C34EAD957DF77978BCF356F3F96B9A79E3961CB,438E8C214576AF13480A550D45C116F43333C319,81A9D2FABD2BA01C44824432976FAF8FF0BE2909,7716DE8030A56A80080446E0CBC59738605454E6,2020-09-06 05:15:23.456000,2020-09-06 05:15:24.703000
xbird3akdqwdjt3mck2ezvg2q2sr22exaqxdclg7magntmmajnez2myd,failed,not_found,295,9C34EAD957DF77978BCF356F3F96B9A79E3961CB,F5C3DA7642BB037E0D279359AE88CD7FC03A98A0,7CBC1D4754EF3A62C15CB48C08029C99009E2ECF,8E33A4B1985004E5FBA5F8BF61AE3A23A2BF78E8,2020-09-06 05:15:24.704000,2020-09-06 05:15:25.268000
xbird3akdqwdjt3mck2ezvg2q2sr22exaqxdclg7magntmmajnez2myd,failed,not_found,298,9C34EAD957DF77978BCF356F3F96B9A79E3961CB,AC00AEBA1AE2A80CF4184C4362157BF91487B902,03910F285A33F365838EC66EF2C2EF754D046760,DF390860B5610B8E99C5A78B4099A3705CD36B17,2020-09-06 05:15:25.269000,2020-09-06 05:15:25.802000
xbird3akdqwdjt3mck2ezvg2q2sr22exaqxdclg7magntmmajnez2myd,failed,not_found,304,9C34EAD957DF77978BCF356F3F96B9A79E3961CB,40A60D1F1E8AFBED22FCB30B3FBE2E275A14CF99,6287129CB9EC475E816A0D283FE4E45D632A4A4B,8F7E120C1D4371FEA19E3C158C180D7DE4EE505C,2020-09-06 05:15:25.802000,2020-09-06 05:15:26.524000
vaaeqhk3sed76zo7xbndn6gpzpvi3cbpmvcrznhyvp4cueynhasgdgqd,failed,not_found,275,9C34EAD957DF77978BCF356F3F96B9A79E3961CB,1804C06A266F0DA26DF58CD559E01C2F7C3FC42A,104DC15ACFA69CF94F89E8ED0F6CDB2D298234D2,0AD3B16ADF3EED3E5962FA944CD501352E790814,2020-09-06 05:15:21.763000,2020-09-06 05:15:22.211000
vaaeqhk3sed76zo7xbndn6gpzpvi3cbpmvcrznhyvp4cueynhasgdgqd,failed,not_found,281,9C34EAD957DF77978BCF356F3F96B9A79E3961CB,9781A79A0F156D08302FB8EB8B5A1BB08B60F156,1FC89C159EA0F96D52D8A7092BF938C509DB6984,EE010EF80A27AC0B02CDC2B8B214A6201BB02D2B,2020-09-06 05:15:22.212000,2020-09-06 05:15:23.106000
vaaeqhk3sed76zo7xbndn6gpzpvi3cbpmvcrznhyvp4cueynhasgdgqd,failed,not_found,313,9C34EAD957DF77978BCF356F3F96B9A79E3961CB,C7106F0C6A7CF0F592CBAFF7C79BD81153B1B5F5,5AD3FB658E490BAD9515F363374AA41D65D31A02,0C6D3655763B1A3A60FC42135CD60765AFE953BA,2020-09-06 05:15:23.107000,2020-09-06 05:15:28.097000
vaaeqhk3sed76zo7xbndn6gpzpvi3cbpmvcrznhyvp4cueynhasgdgqd,failed,not_found,319,9C34EAD957DF77978BCF356F3F96B9A79E3961CB,474648D2DFC1C060A5CA74C8A5976807B7FB5FE0,0FE31E8B143BCA123905993356D1DE49C715E455,CEACA34874EAD103D27CA6A7650B16112F12B209,2020-09-06 05:15:28.097000,2020-09-06 05:15:28.953000
vaaeqhk3sed76zo7xbndn6gpzpvi3cbpmvcrznhyvp4cueynhasgdgqd,failed,not_found,322,9C34EAD957DF77978BCF356F3F96B9A79E3961CB,021DDCD687FD505B7EA7E75DA6CEF0D778AA07FB,87BB9595CDC6C453E9EA235C69D112421A2D0E94,A38F2B889C250A96EECCBE11AB9490498C7C6E49,2020-09-06 05:15:28.954000,2020-09-06 05:15:31.968000
vaaeqhk3sed76zo7xbndn6gpzpvi3cbpmvcrznhyvp4cueynhasgdgqd,failed,not_found,342,9C34EAD957DF77978BCF356F3F96B9A79E3961CB,562434D987CF49D45649B76ADCA993BEA8F78471,39F096961ED2576975C866D450373A9913AFDC92,6A6E168C7FB2909DBEBCA7BF43B818583C37F3EA,2020-09-06 05:15:31.968000,2020-09-06 05:15:33.163000
tiiukzv7cgl4yoc2migvzkelyuq7ghmfkjiddgip4lcgzhnlr4eaxkqd,failed,not_found,284,9C34EAD957DF77978BCF356F3F96B9A79E3961CB,C0F3C0EF81D84182379AA4CA5AD5A5289D011145,EC4AD91674B5AFECCA117A396776F120651E55BF,0F6E56C326DC9719942E8BBA58C22F71332DA891,2020-09-06 05:15:22.795000,2020-09-06 05:15:23.456000
tiiukzv7cgl4yoc2migvzkelyuq7ghmfkjiddgip4lcgzhnlr4eaxkqd,failed,not_found,288,9C34EAD957DF77978BCF356F3F96B9A79E3961CB,3239007CE1FB2ECDFDF2067DF23B949295DC5EF6,C5340E5A64DF5B0270F1C1EEBFE3074C985F6A93,B00B6BA943600447CF72D58DB7A35B16754E43C8,2020-09-06 05:15:23.456000,2020-09-06 05:15:24.051000
tiiukzv7cgl4yoc2migvzkelyuq7ghmfkjiddgip4lcgzhnlr4eaxkqd,failed,not_found,292,9C34EAD957DF77978BCF356F3F96B9A79E3961CB,7355A4A20BA4C083C921464302108C121BAC7EF2,73DCA56424912F69F1478D6630DF27CFE8F41439,E39A758BD81DD27E8AA27998688E816D0A13DC82,2020-09-06 05:15:24.052000,2020-09-06 05:15:24.920000
tiiukzv7cgl4yoc2migvzkelyuq7ghmfkjiddgip4lcgzhnlr4eaxkqd,failed,not_found,297,9C34EAD957DF77978BCF356F3F96B9A79E3961CB,AD7CB78ED4001F17267EC2D2B1550D2B8E041669,BD2A34ADE4E603A272FAAD23AEF389801BB223BB,501B3DBF250B094A05CA5DBC424AD4C3D46721A2,2020-09-06 05:15:24.921000,2020-09-06 05:15:26.341000
tiiukzv7cgl4yoc2migvzkelyuq7ghmfkjiddgip4lcgzhnlr4eaxkqd,failed,not_found,306,9C34EAD957DF77978BCF356F3F96B9A79E3961CB,2984E4317B844899E1CE143828CC1600F7CE072E,35DA04A92634AF2392CBA6AF158E00B5589A1CFA,216D8778B43123805F3FE3D7157223F34EF74A40,2020-09-06 05:15:26.342000,2020-09-06 05:15:27.069000
tiiukzv7cgl4yoc2migvzkelyuq7ghmfkjiddgip4lcgzhnlr4eaxkqd,failed,not_found,341,9C34EAD957DF77978BCF356F3F96B9A79E3961CB,CC6910CF21D17C1BD68FE224CE7685BEB42558A8,F7B024DB02C601185C202E26DFFD2AD525C16A36,7EC4C310D1FB2A7C0943B810946EA354D64A2165,2020-09-06 05:15:27.070000,2020-09-06 05:15:32.154000
eidgr4yuwl67jqjezgag2igy6guqo7e5heiggdmzfk5nwqwjb5oa3jid,failed,not_found,291,9C34EAD957DF77978BCF356F3F96B9A79E3961CB,02648F2F135C7296A27B1F59D2AE4EEC25D9A877,901C2689FDABE7165AB7AC4E8231F12A2674916E,0824D7C7FB117D5C6AC01581FD798E670C37C804,2020-09-06 05:15:23.767000,2020-09-06 05:15:25.731000
eidgr4yuwl67jqjezgag2igy6guqo7e5heiggdmzfk5nwqwjb5oa3jid,failed,not_found,302,9C34EAD957DF77978BCF356F3F96B9A79E3961CB,6CC25EF1B7BA8E6AB5B4F62B3D7D1B6C2E5DB6F3,24F97F98C45E4754655BE66799049763DAEE99CE,F3F3F4900B87CF4A6B4A7F9402502FC457B7B1FC,2020-09-06 05:15:25.731000,2020-09-06 05:15:26.237000
eidgr4yuwl67jqjezgag2igy6guqo7e5heiggdmzfk5nwqwjb5oa3jid,failed,not_found,300,9C34EAD957DF77978BCF356F3F96B9A79E3961CB,2D41697016C0070174BF079BADA7207604086A15,CB92FA4D7D71F134CE1F1FFF2BFF53E88DD4A1DB,1E5E18AC41DAEDF1BE7A02612C297E35CA24949A,2020-09-06 05:15:26.238000,2020-09-06 05:15:26.886000
eidgr4yuwl67jqjezgag2igy6guqo7e5heiggdmzfk5nwqwjb5oa3jid,failed,not_found,310,9C34EAD957DF77978BCF356F3F96B9A79E3961CB,09A70E396DE93F54D4541BBB0EC8E2B23761F34F,5665A3904C89E22E971305EE8C1997BCA4123C69,CAF57EB30FD17389954C9F2B43026734F80E39C0,2020-09-06 05:15:26.886000,2020-09-06 05:15:27.666000
eidgr4yuwl67jqjezgag2igy6guqo7e5heiggdmzfk5nwqwjb5oa3jid,failed,not_found,315,9C34EAD957DF77978BCF356F3F96B9A79E3961CB,82ED9AEC94184EC6DD299A5CDB3378B04BB17489,116AE83220B11649C3936F8B85D75B28F86109F5,FCC392FC20A5C1C5B5E95AB6E24735E493E3AEB7,2020-09-06 05:15:27.667000,2020-09-06 05:15:29.531000
eidgr4yuwl67jqjezgag2igy6guqo7e5heiggdmzfk5nwqwjb5oa3jid,failed,not_found,329,9C34EAD957DF77978BCF356F3F96B9A79E3961CB,E8FA2C9B690F3BC16ADE9A4803CE2C51132F10A6,BFA905EA10DFD54A38A0C119FAE00182DE4C173B,EC3EC2E26C9C57B46686E9EFE7EEABD4B570D6D3,2020-09-06 05:15:29.532000,2020-09-06 05:15:31.076000
zdqmbex5pq5zmydajaofajnvjifjekhm3f3qxi2ezi6pf4ybxi4yhsyd,failed,not_found,296,9C34EAD957DF77978BCF356F3F96B9A79E3961CB,BF7BFCB3096FC81FBD0B7ADA66164431EC7FD117,490B2D70C150FB72E31F9A9CA11D2851D94FD449,4FDC3AE93CD2F81D1B64D94075F6418C06A55314,2020-09-06 05:15:24.776000,2020-09-06 05:15:26.296000
zdqmbex5pq5zmydajaofajnvjifjekhm3f3qxi2ezi6pf4ybxi4yhsyd,failed,not_found,334,9C34EAD957DF77978BCF356F3F96B9A79E3961CB,DE74E8C4F3CF0FBBCB7E761BB3072050D1D4DD88,B4A96C0852DD0841579D33E09A98D641EACCD73E,343EC037D633150AFFCC8471E805AABAE1B1D871,2020-09-06 05:15:26.296000,2020-09-06 05:15:31.137000
zdqmbex5pq5zmydajaofajnvjifjekhm3f3qxi2ezi6pf4ybxi4yhsyd,failed,not_found,338,9C34EAD957DF77978BCF356F3F96B9A79E3961CB,C49A177510CAA653DA6727BF0E07FB7F56A0F09D,C41ADE229598201F913426E9C6B9647098AEE28D,0A2CE9D88D3BA28410EE3B24BD4DC16598753462,2020-09-06 05:15:31.138000,2020-09-06 05:15:32.499000
zdqmbex5pq5zmydajaofajnvjifjekhm3f3qxi2ezi6pf4ybxi4yhsyd,failed,not_found,352,9C34EAD957DF77978BCF356F3F96B9A79E3961CB,17E693C615503754493153DF8E71F6C18CE6EE86,97755455E7DC4E95F0F2EE660FCF11726B6BF69A,B7F8CE7BFF6C6CF308C982BEBF1458A66D150C15,2020-09-06 05:15:32.499000,2020-09-06 05:15:33.447000
zdqmbex5pq5zmydajaofajnvjifjekhm3f3qxi2ezi6pf4ybxi4yhsyd,failed,not_found,356,9C34EAD957DF77978BCF356F3F96B9A79E3961CB,B3EC41B1008225F2BD1D38BFF39A5E3872634FFD,F83A64E0FA85BC224807919772FE14E1BA07CEF5,9B22542BA085F8ECCC8B6D0F8897B8DB1C6E6D65,2020-09-06 05:15:33.448000,2020-09-06 05:15:33.937000
zdqmbex5pq5zmydajaofajnvjifjekhm3f3qxi2ezi6pf4ybxi4yhsyd,failed,not_found,362,9C34EAD957DF77978BCF356F3F96B9A79E3961CB,5665A3904C89E22E971305EE8C1997BCA4123C69,00C22D3BC1822EB8EA380AF04245337399E796E2,8A167971BAE692DB1CCABB92635169AE79C99753,2020-09-06 05:15:33.938000,2020-09-06 05:15:34.849000
s6d5zczwektmmk4fcl7zaabweywid2syuve7qbewslq4dgcs2b3dsbyd,failed,not_found,303,9C34EAD957DF77978BCF356F3F96B9A79E3961CB,60AB497573021910A2DE9BAB69573CA57D01395A,EC8D71DA87C4A98B910170E3C42A2CE329223398,A9DC04A5C96EE5986753A15E384BB8679EE8F319,2020-09-06 05:15:25.769000,2020-09-06 05:15:27.682000
s6d5zczwektmmk4fcl7zaabweywid2syuve7qbewslq4dgcs2b3dsbyd,failed,not_found,316,9C34EAD957DF77978BCF356F3F96B9A79E3961CB,7272FA27A7F99E88D59BE2018E3F14FB88BF9786,BF735F669481EE1CCC348F0731551C933D1E2278,50BAD4E48646797796107ECF0192178495247202,2020-09-06 05:15:27.682000,2020-09-06 05:15:28.509000
s6d5zczwektmmk4fcl7zaabweywid2syuve7qbewslq4dgcs2b3dsbyd,failed,not_found,323,9C34EAD957DF77978BCF356F3F96B9A79E3961CB,2AFF47D161619E32C21B90AE7C65DC2057150294,6D163F649ECBE9DC20F016236EF36D7E1559E98E,FABCC633B0DEEE6FABEF3FA415A2B0038B2A5A00,2020-09-06 05:15:28.509000,2020-09-06 05:15:29.333000
s6d5zczwektmmk4fcl7zaabweywid2syuve7qbewslq4dgcs2b3dsbyd,failed,not_found,357,9C34EAD957DF77978BCF356F3F96B9A79E3961CB,8B0D8D35EC9BE90675E1D054DD7F52F555C80085,A0F59999AC612315805D50A3E49FC47B601B8D30,375DCBB2DBD94E5263BC0C015F0C9E756669617E,2020-09-06 05:15:29.334000,2020-09-06 05:15:34.724000
s6d5zczwektmmk4fcl7zaabweywid2syuve7qbewslq4dgcs2b3dsbyd,failed,not_found,366,9C34EAD957DF77978BCF356F3F96B9A79E3961CB,59C1F61668FDA4BE84DABBCF0A80EC0E530D9150,8E5F4EE45E0631A60E59CAA42E1464FD7120459D,80E476984A8FAA9C5686E9CF6BA13B9846778775,2020-09-06 05:15:34.724000,2020-09-06 05:15:35.307000
s6d5zczwektmmk4fcl7zaabweywid2syuve7qbewslq4dgcs2b3dsbyd,failed,not_found,371,9C34EAD957DF77978BCF356F3F96B9A79E3961CB,D000291816C0D9EE531FA4DD185EC1AD80386A5A,29A39144AD141242436D07901F7A8B91F7516A66,F919A0CB490DA12BB8C34C273FD765FA32C69E55,2020-09-06 05:15:35.307000,2020-09-06 05:15:36.123000
kajm6ihdhlx77zvskvfuyvf6tqcpdfoinwwwv6q7ev2t64eb35n23xad,failed,not_found,309,9C34EAD957DF77978BCF356F3F96B9A79E3961CB,BBBD4DB03FDBAA3EE6DB48D00ACABB4270412054,CED424DF844971572655A1351D159ED79B6C1511,557B39146EB121C8CFA22C48AD78BDBDBC8FF3A1,2020-09-06 05:15:26.776000,2020-09-06 05:15:27.767000
kajm6ihdhlx77zvskvfuyvf6tqcpdfoinwwwv6q7ev2t64eb35n23xad,failed,not_found,317,9C34EAD957DF77978BCF356F3F96B9A79E3961CB,F5F4019509109A07E90C45A022CEED9ECA1643C8,787768FEF9FBFE2D9B8E0214019A7F9960D39206,010B7728454411F485CE29D4C79A14534151C2C4,2020-09-06 05:15:27.767000,2020-09-06 05:15:28.295000
kajm6ihdhlx77zvskvfuyvf6tqcpdfoinwwwv6q7ev2t64eb35n23xad,failed,not_found,320,9C34EAD957DF77978BCF356F3F96B9A79E3961CB,81A1D777C023EBB1DEE9E7FA8735629BA8F7497C,8A136F5D0DACBBB6D8537DA4A806C44EF7E9037B,AFF8F4D58E2A5FEAD28D1ED4A38FB8D60E406A33,2020-09-06 05:15:28.296000,2020-09-06 05:15:28.993000
kajm6ihdhlx77zvskvfuyvf6tqcpdfoinwwwv6q7ev2t64eb35n23xad,failed,not_found,326,9C34EAD957DF77978BCF356F3F96B9A79E3961CB,91517F219F7648E4B8BBF3C162C77DDC55315612,C646F3F0880F56F967719F013EF97E833B696EF5,7CBC1D4754EF3A62C15CB48C08029C99009E2ECF,2020-09-06 05:15:28.993000,2020-09-06 05:15:30
kajm6ihdhlx77zvskvfuyvf6tqcpdfoinwwwv6q7ev2t64eb35n23xad,failed,not_found,343,9C34EAD957DF77978BCF356F3F96B9A79E3961CB,66F8C32B94D73B51A5D2FA079C6A09047C9ABA71,04DFE047ACDF7A6620ACA782FAFC5EF1AE7F4754,E8EA53FB04C626DC97E6333F60328B1A682B1BD6,2020-09-06 05:15:30.001000,2020-09-06 05:15:32.475000
kajm6ihdhlx77zvskvfuyvf6tqcpdfoinwwwv6q7ev2t64eb35n23xad,failed,not_found,349,9C34EAD957DF77978BCF356F3F96B9A79E3961CB,BFB14B9ADF1F19E59258CAE7FCDBAAC9937B7B10,DC59FE5F6AE31F825A33A6658A9CC1B862F972D2,8CCE57490F9752100F9B17E2192A2DAE5D061E06,2020-09-06 05:15:32.475000,2020-09-06 05:15:35.132000
bcvqimdja3elbruuggyxxthsj6bl5xdsqkvuiehl2kb5agmtbewjxiyd,failed,not_found,318,9C34EAD957DF77978BCF356F3F96B9A79E3961CB,59EA74708A9C1A24D2EB1A2F150C27119A5FC2A6,BBA23BFE816BCB5DC4C2EEB15246204667BA0DAE,F17B5CE022C164202A00B3669EFCAB72CF80B93C,2020-09-06 05:15:27.774000,2020-09-06 05:15:28.629000
bcvqimdja3elbruuggyxxthsj6bl5xdsqkvuiehl2kb5agmtbewjxiyd,failed,not_found,324,9C34EAD957DF77978BCF356F3F96B9A79E3961CB,AFF320BA96E4338B61A008D2CA250FFE0E23B09C,F697E816D82A3621D07CBD1DD3C89B6F7CC5E6A2,6E8E5CA9B6F567416ADA21E990E7746BC223B0C0,2020-09-06 05:15:28.630000,2020-09-06 05:15:29.731000
bcvqimdja3elbruuggyxxthsj6bl5xdsqkvuiehl2kb5agmtbewjxiyd,failed,not_found,358,9C34EAD957DF77978BCF356F3F96B9A79E3961CB,41D2F6D866E7638138CF9F282A280F96BD020D25,AC2275831607A95CD8B939C3B8DC466CCF48E2B9,38CC95A8CE92A591D4A5779359BEFFBA13FA1B88,2020-09-06 05:15:29.731000,2020-09-06 05:15:34.239000
bcvqimdja3elbruuggyxxthsj6bl5xdsqkvuiehl2kb5agmtbewjxiyd,failed,not_found,359,9C34EAD957DF77978BCF356F3F96B9A79E3961CB,4945C1D8A3F51F1E5D353191AC318F47C4AF5D6F,6ED6758622A73F54F0EF59A9D31D71AABD7A70DA,9B3E7A0AD9A054984CC87E7CA9D5C117202D45D4,2020-09-06 05:15:34.240000,2020-09-06 05:15:35.113000
bcvqimdja3elbruuggyxxthsj6bl5xdsqkvuiehl2kb5agmtbewjxiyd,failed,not_found,368,9C34EAD957DF77978BCF356F3F96B9A79E3961CB,061E0496931D23A81A2B685C9339D36857DD0FA1,7A3E534C033E3836BD5AF223B642853C502AB33A,BCD2F039FC8B8F1D33742E72E15D710F777F664E,2020-09-06 05:15:35.114000,2020-09-06 05:15:35.685000
bcvqimdja3elbruuggyxxthsj6bl5xdsqkvuiehl2kb5agmtbewjxiyd,,,,,,,1DC17C4A52A458B5C8B1E79157F8665696210E10,2020-09-06 05:15:35.685000,
uuv5kzf7aaoxjtnyqoj4sdwfff3r4a2ocsglcnjs6r3l5wkehvntymqd,failed,not_found,325,9C34EAD957DF77978BCF356F3F96B9A79E3961CB,010B7728454411F485CE29D4C79A14534151C2C4,A7E6640FEC85C9B04FB778A51CB999E35A29531E,E8BAE7393740A700D50B010DED9D9EC9A66B390D,2020-09-06 05:15:28.802000,2020-09-06 05:15:29.629000
uuv5kzf7aaoxjtnyqoj4sdwfff3r4a2ocsglcnjs6r3l5wkehvntymqd,failed,not_found,330,9C34EAD957DF77978BCF356F3F96B9A79E3961CB,C7B6A1B76B6476DB3DA8C960E262CC7425B5C5F8,5DBAFEE3BF786896947F805EE3B3BD5C986506B0,FD69ED3580CF199BD2F7F6ED96B710FA50E15208,2020-09-06 05:15:29.629000,2020-09-06 05:15:30.569000
uuv5kzf7aaoxjtnyqoj4sdwfff3r4a2ocsglcnjs6r3l5wkehvntymqd,failed,not_found,336,9C34EAD957DF77978BCF356F3F96B9A79E3961CB,E81993EA52B73285CFFD02FEC003569D21483001,02928855BFAD787F8B363F21860D1E7D156E0655,CDB2605D2BD28DA31CC91956E8BAD147B7DF8AF9,2020-09-06 05:15:30.569000,2020-09-06 05:15:31.310000
uuv5kzf7aaoxjtnyqoj4sdwfff3r4a2ocsglcnjs6r3l5wkehvntymqd,,,,,,,DB739627A2E20DE302A0D25F21B8B372D4AC2963,2020-09-06 05:15:31.310000,
plqzxzqewm27udmgkkclehnv4fdcbhscv7ot6n6tr5v43r76a55zcpid,failed,not_found,328,9C34EAD957DF77978BCF356F3F96B9A79E3961CB,EC4AD91674B5AFECCA117A396776F120651E55BF,5790B62AD6C79A1092B30993A8F0F7F23A969FD6,A2415E2FEF1972055EC0CBDF688717DF4C453AED,2020-09-06 05:15:29.766000,2020-09-06 05:15:30.162000
plqzxzqewm27udmgkkclehnv4fdcbhscv7ot6n6tr5v43r76a55zcpid,failed,not_found,333,9C34EAD957DF77978BCF356F3F96B9A79E3961CB,58F3E2956EABB81F673E2FB90E16E001DB4AC3AE,5F0BFF8BF2C7528E41DB149245F4736C75CC7779,B0B85C0C0E7B621D0B7BF17FDA0427F3640691FA,2020-09-06 05:15:30.163000,2020-09-06 05:15:30.791000
plqzxzqewm27udmgkkclehnv4fdcbhscv7ot6n6tr5v43r76a55zcpid,failed,not_found,337,9C34EAD957DF77978BCF356F3F96B9A79E3961CB,8B889E04C60E30D511013189D3C2ADCE522E1F3C,87C08DDFD32C62F3C56D371F9774D27BFDBB807B,44517C72DD0C7206E2B6E9FE3917406AE8AF3193,2020-09-06 05:15:30.792000,2020-09-06 05:15:31.814000
plqzxzqewm27udmgkkclehnv4fdcbhscv7ot6n6tr5v43r76a55zcpid,failed,not_found,345,9C34EAD957DF77978BCF356F3F96B9A79E3961CB,40697C345CB4128963A7BC66B63B17C7120959F1,AFF320BA96E4338B61A008D2CA250FFE0E23B09C,6E9642DDB353D044931029C036D1CAD832F3DFD7,2020-09-06 05:15:31.815000,2020-09-06 05:15:32.454000
plqzxzqewm27udmgkkclehnv4fdcbhscv7ot6n6tr5v43r76a55zcpid,failed,not_found,347,9C34EAD957DF77978BCF356F3F96B9A79E3961CB,E23E5C79354904E66705D9DEC1DE0861D1075F47,F9674F45A25CAA977E7B872807E0A070C121F5FA,7AAF5597B18D82CC90CA95FB7976A1CEA4A32E06,2020-09-06 05:15:32.455000,2020-09-06 05:15:33.404000
plqzxzqewm27udmgkkclehnv4fdcbhscv7ot6n6tr5v43r76a55zcpid,failed,not_found,355,9C34EAD957DF77978BCF356F3F96B9A79E3961CB,B872BA6804C8C6E140AE1897B44CF32B42FD2397,881F09279F94E9AAD3DE30727DF3AD7C2CE900DF,770E5AFB0A796DA2DA88434F11427513BAA1FACC,2020-09-06 05:15:33.405000,2020-09-06 05:15:34.099000
kgaynuv4o7jltgvg4347bowfzg6nomgv4yykzmvxg4twwxpo4kzqg3ad,failed,not_found,335,9C34EAD957DF77978BCF356F3F96B9A79E3961CB,86CDD0D92AB972538416A382D99666736CDDF141,1BB9F857B41ABFB3BE0570F8A86DDCFD198713A2,2FA4B3D4608765A35AD4EF61C02DC88973BFFF47,2020-09-06 05:15:30.803000,2020-09-06 05:15:31.268000
kgaynuv4o7jltgvg4347bowfzg6nomgv4yykzmvxg4twwxpo4kzqg3ad,failed,not_found,339,9C34EAD957DF77978BCF356F3F96B9A79E3961CB,6245DC873D6F613C795D48663D65BD8A2266CAF6,F3936F97C14EFCFD18154DF4443B91FEDD071F47,A96DA63E4415E776FBFCCF3DA7154C804534B6E7,2020-09-06 05:15:31.268000,2020-09-06 05:15:31.901000
kgaynuv4o7jltgvg4347bowfzg6nomgv4yykzmvxg4twwxpo4kzqg3ad,failed,not_found,346,9C34EAD957DF77978BCF356F3F96B9A79E3961CB,1D702DA43D588FE9D308D3879A6F5E61BB2ECCFA,5790B62AD6C79A1092B30993A8F0F7F23A969FD6,4BED68DF9EAF6C111D8778E19CC9AC7AFEC4FC02,2020-09-06 05:15:31.902000,2020-09-06 05:15:32.475000
kgaynuv4o7jltgvg4347bowfzg6nomgv4yykzmvxg4twwxpo4kzqg3ad,failed,not_found,348,9C34EAD957DF77978BCF356F3F96B9A79E3961CB,BEBA52AC89045D6EAD68E977DF3F98BCF8330AAF,DC2B1E4348AF306326FA63EEDB76EA6139133485,70090E9F85FBE004EEBF58461FD6EDD5BF8A523E,2020-09-06 05:15:32.475000,2020-09-06 05:15:33.298000
kgaynuv4o7jltgvg4347bowfzg6nomgv4yykzmvxg4twwxpo4kzqg3ad,failed,not_found,354,9C34EAD957DF77978BCF356F3F96B9A79E3961CB,59CF9A030CC61A4432564738F46E30DB06893494,0E300A0942899B995AE08CEF58062BCFEB51EEDF,AD1359B9D74D526FEF3F58AF41105C623A3A8C18,2020-09-06 05:15:33.298000,2020-09-06 05:15:33.844000
kgaynuv4o7jltgvg4347bowfzg6nomgv4yykzmvxg4twwxpo4kzqg3ad,failed,not_found,361,9C34EAD957DF77978BCF356F3F96B9A79E3961CB,8DCB526722FBE2B3F4C0CE9D020B0589170F8BDA,8E7ACAD878BBD61097C0E0D557160F5D59BCE5CA,43E896D36AAB20B5B63094BBC52CAD4B560E47BF,2020-09-06 05:15:33.844000,2020-09-06 05:15:34.509000
ezvwg4fy7o5vn33obzrjtyehxnzjkzeyn4t7gjc6icx6we7bq73sgqid,failed,not_found,344,9C34EAD957DF77978BCF356F3F96B9A79E3961CB,58F3E2956EABB81F673E2FB90E16E001DB4AC3AE,40C773D9F2B16143CDB2ADB661DDC6BB12EF3E2C,F08A525ACA965CF6A55F0587BF4B7373D98B954E,2020-09-06 05:15:31.801000,2020-09-06 05:15:32.492000
ezvwg4fy7o5vn33obzrjtyehxnzjkzeyn4t7gjc6icx6we7bq73sgqid,failed,not_found,351,9C34EAD957DF77978BCF356F3F96B9A79E3961CB,20E0DD3AD266195F4620E8334B4CF7F51A3F210D,C63110BDD8736D2C2A733FF962F58D58FDE63A2D,D5C33F3E203728EDF8361EA868B2939CCC43FAFB,2020-09-06 05:15:32.492000,2020-09-06 05:15:33.194000
ezvwg4fy7o5vn33obzrjtyehxnzjkzeyn4t7gjc6icx6we7bq73sgqid,failed,not_found,353,9C34EAD957DF77978BCF356F3F96B9A79E3961CB,EE7CD2A763435C7006095BD167C790ABE5BC4DEA,6BB96CEA5822699E4724C75BF7CADC00E432D34C,950134F4ABA3291EEE4E7A2F26546DB7070776A4,2020-09-06 05:15:33.195000,2020-09-06 05:15:34.389000
ezvwg4fy7o5vn33obzrjtyehxnzjkzeyn4t7gjc6icx6we7bq73sgqid,failed,not_found,363,9C34EAD957DF77978BCF356F3F96B9A79E3961CB,77C7500CC573643E4B3E7F602D0137F8C89CE0B8,61B2102DB3D97F16FBB359EFE86EC6887A1B3B5A,0B343CDB8934729DC91B1CAD7BD2D05F705E90E0,2020-09-06 05:15:34.390000,2020-09-06 05:15:35.170000
ezvwg4fy7o5vn33obzrjtyehxnzjkzeyn4t7gjc6icx6we7bq73sgqid,failed,not_found,370,9C34EAD957DF77978BCF356F3F96B9A79E3961CB,CACD9D63B759B35555D8C965A3E01071E9DFB44C,95F03DBBE83B4B806ECB3DF1528BEBCE51D899C1,C82A233A89DC3D94CF321E1622D9A538E126C216,2020-09-06 05:15:35.170000,2020-09-06 05:15:35.853000
ezvwg4fy7o5vn33obzrjtyehxnzjkzeyn4t7gjc6icx6we7bq73sgqid,failed,not_found,377,9C34EAD957DF77978BCF356F3F96B9A79E3961CB,E546C96AEB2258BD0733949027E8F96156F6B290,890480E14E634C8B4467C475E355A6FBF3D99CD5,7992F172EDBE69B99F0190651BAC14DD0FD9E5C8,2020-09-06 05:15:35.854000,2020-09-06 05:15:36.427000
dejlxkhj3e3vvmhw45tbkfkuxz2wbzwedmdohx5exfckbvhrjmhj2mid,,,,,,,7C56BA2175839470ACAAB72E045DD6820764B733,2020-09-06 05:15:32.768000,
wfpvrwdscqf7lrdifz4zyfnj6e76hjlacllpqxnhqlsw5djwiwtsp3qd,failed,not_found,360,9C34EAD957DF77978BCF356F3F96B9A79E3961CB,41D2F6D866E7638138CF9F282A280F96BD020D25,B74DABBE248B935CDC1038CD5C9280878C8C94E7,C74469EC04787CC458FB1DCDF456C5092CF08B19,2020-09-06 05:15:33.780000,2020-09-06 05:15:34.498000
wfpvrwdscqf7lrdifz4zyfnj6e76hjlacllpqxnhqlsw5djwiwtsp3qd,failed,not_found,365,9C34EAD957DF77978BCF356F3F96B9A79E3961CB,D0BF6A6400081DA6031536ECEAD59F79BDABEB65,FB016E16B8CD7A0E53DEEF31ED8754E4F6B8E837,5047962E97AFDC89C9B9EE98322F3E4CB7BEB639,2020-09-06 05:15:34.498000,2020-09-06 05:15:35.022000
wfpvrwdscqf7lrdifz4zyfnj6e76hjlacllpqxnhqlsw5djwiwtsp3qd,failed,not_found,367,9C34EAD957DF77978BCF356F3F96B9A79E3961CB,B411027C926A9BFFCF7DA91E3CAF1856A321EFFD,33D88F331408141F2A2CC563239E54E48F7A211B,841DE1E065BCA8C1EBDC4A7140646F47A6257BD8,2020-09-06 05:15:35.023000,2020-09-06 05:15:35.701000
wfpvrwdscqf7lrdifz4zyfnj6e76hjlacllpqxnhqlsw5djwiwtsp3qd,failed,not_found,382,9C34EAD957DF77978BCF356F3F96B9A79E3961CB,DEF8C760A79FEF2358E03AE5A1950086ABEB953E,6E4B0D429CD87AB6C25D72E298294C583FF8BA4A,59C0D88A5B3C65541CF63D0DD88EF15A379D378E,2020-09-06 05:15:35.702000,2020-09-06 05:15:38.006000
wfpvrwdscqf7lrdifz4zyfnj6e76hjlacllpqxnhqlsw5djwiwtsp3qd,failed,not_found,385,9C34EAD957DF77978BCF356F3F96B9A79E3961CB,BDDF8187EA4419951CFD0A54088B634564F63AF3,CA4E9DFE87DE87E502F3B503D07EC8EFCAEE2549,9E836A0C79C4FFDC2DC364916FD290177FF7F185,2020-09-06 05:15:38.007000,2020-09-06 05:15:38.436000
wfpvrwdscqf7lrdifz4zyfnj6e76hjlacllpqxnhqlsw5djwiwtsp3qd,failed,not_found,386,9C34EAD957DF77978BCF356F3F96B9A79E3961CB,9ECF0C8EEA5C07DE54A346EDB371B48845A3FD0F,2D97C1A7D5A06530F3B2B291F8F2C10CB313DC10,780728D3ED2F128431DFC3BB2DBE21E80C20758F,2020-09-06 05:15:38.436000,2020-09-06 05:15:39.556000
koqdvmc2vlwgmlyjjlkv7zqg6ks4awibc5itm4o7eotmw5opjm423fad,failed,not_found,364,9C34EAD957DF77978BCF356F3F96B9A79E3961CB,59EA74708A9C1A24D2EB1A2F150C27119A5FC2A6,8D0697D62E9970901B4EC64D511DDF399CD19DB9,00CCE6A84E6D63A1A42E105839BC8ED5D4B16669,2020-09-06 05:15:34.769000,2020-09-06 05:15:35.128000
koqdvmc2vlwgmlyjjlkv7zqg6ks4awibc5itm4o7eotmw5opjm423fad,failed,not_found,369,9C34EAD957DF77978BCF356F3F96B9A79E3961CB,FE9CB0E0629636EBD8D0C71F46E387B944C01BCF,F94CCEA0042765AA7EE66BEA5B39C9E03E286EA2,2FD0BA57A34DC2792AF470398F72F37F9E51DC2D,2020-09-06 05:15:35.128000,2020-09-06 05:15:35.853000
koqdvmc2vlwgmlyjjlkv7zqg6ks4awibc5itm4o7eotmw5opjm423fad,failed,not_found,373,9C34EAD957DF77978BCF356F3F96B9A79E3961CB,F3936F97C14EFCFD18154DF4443B91FEDD071F47,A4771CB90024F1870D622960519945A3E49B40FE,77B88F748E4067DD198BC0FA331E118DA211338D,2020-09-06 05:15:35.853000,2020-09-06 05:15:36.325000
koqdvmc2vlwgmlyjjlkv7zqg6ks4awibc5itm4o7eotmw5opjm423fad,failed,not_found,378,9C34EAD957DF77978BCF356F3F96B9A79E3961CB,8D0697D62E9970901B4EC64D511DDF399CD19DB9,E5CC91BAFE7CCD68003E873D32E38027638D49D7,564A7F1D0314125AF60096CDE0A887F286608240,2020-09-06 05:15:36.326000,2020-09-06 05:15:36.821000
koqdvmc2vlwgmlyjjlkv7zqg6ks4awibc5itm4o7eotmw5opjm423fad,failed,not_found,381,9C34EAD957DF77978BCF356F3F96B9A79E3961CB,BC123DB7F61E9DB31F23B37BF62A16DAA1010FC9,71BBBC406506ACB5AFCF9BE4476283363EEC1B66,ABF3D28988AE83BE5B967FACB370E909215F68D7,2020-09-06 05:15:36.821000,2020-09-06 05:15:37.728000
koqdvmc2vlwgmlyjjlkv7zqg6ks4awibc5itm4o7eotmw5opjm423fad,failed,not_found,383,9C34EAD957DF77978BCF356F3F96B9A79E3961CB,12D552E8AF7AA2B71B218B5BBF6A5FEFA6F26BA0,F6740DEABFD5F62612FA025A5079EA72846B1F67,447A24F3402C4774D89E7AAD2D876D0BF64E3267,2020-09-06 05:15:37.729000,2020-09-06 05:15:38.218000
w2o2mxaladjkvrlj4uddtrazac4tgtvp4douqq7kothaj3hkkw5clyyd,failed,not_found,376,9C34EAD957DF77978BCF356F3F96B9A79E3961CB,AC9A06F8B47676C9AE5C80DB3964C6ABF2A21965,E535EB61F69F0C95C6A3E3E44C990418F8F6BC56,1CA6E34E762AB5550FBB254A7C7BD874F1550710,2020-09-06 05:15:35.788000,2020-09-06 05:15:37.442000
w2o2mxaladjkvrlj4uddtrazac4tgtvp4douqq7kothaj3hkkw5clyyd,failed,not_found,379,9C34EAD957DF77978BCF356F3F96B9A79E3961CB,CDAF0B74C45FD5B1955198A8D92C8A518A53D07B,0B88C0F5B40BA3507AB8962478E1DA6704A09E83,1939CC1B41298A49C0684878813DED5CD1A9EE98,2020-09-06 05:15:37.442000,2020-09-06 05:15:38.452000
w2o2mxaladjkvrlj4uddtrazac4tgtvp4douqq7kothaj3hkkw5clyyd,failed,not_found,387,9C34EAD957DF77978BCF356F3F96B9A79E3961CB,3EDD00245D93664A33A724BA377150E5531ED033,1188DC549FDF5E8054E1FE8C789A632CD1872F7E,2C6C970E027A99EFF3E6977CD1BCDD9586E0BFB3,2020-09-06 05:15:38.452000,2020-09-06 05:15:39.310000
w2o2mxaladjkvrlj4uddtrazac4tgtvp4douqq7kothaj3hkkw5clyyd,,,,,,,94EC34B871936504BE70671B44760BC99242E1F3,2020-09-06 05:15:39.311000,
opcmndhkxtirl7tzgzr2srp7tja4ytirdkfor37tlk7lg5rpaku6fkid,failed,not_found,380,9C34EAD957DF77978BCF356F3F96B9A79E3961CB,7469CEB05CFE95C55ECFC42494244FDB6AD33D6B,962778AE0BBF7E1FA6B0F1D40D24FFABA282EECA,8DAA8003876C89F2E4C2AAF770B772E09B1D9F36,2020-09-06 05:15:36.806000,2020-09-06 05:15:38.984000
opcmndhkxtirl7tzgzr2srp7tja4ytirdkfor37tlk7lg5rpaku6fkid,,,,,,,8275CE20C53D79EC51CA87292E7FC58F238F100C,2020-09-06 05:15:38.985000,
55rbyk6h5wzgo4hrfwebpso556yrxmqr75dsntovadwkxojambi6khyd,failed,not_found,384,9C34EAD957DF77978BCF356F3F96B9A79E3961CB,A99B0D9E5FD5BC3C8F2D006EC91F8C7F40E09CB8,7AEF8E402C5C6EBE4C93E56D74781E8F033BAB98,7C8A5B1F41B60827D0E22E3DC2F9F26ED5CB9057,2020-09-06 05:15:37.776000,2020-09-06 05:15:38.678000
55rbyk6h5wzgo4hrfwebpso556yrxmqr75dsntovadwkxojambi6khyd,,,,,,,1ABD48412F145A93C70DF664A2A31A18401ED66B,2020-09-06 05:15:38.679000,
o6xdiwzp2ztcin4eqlm5ly4xzsxkrcxbsizboo34eg6kl6ljzhmduzid,failed,not_found,390,9C34EAD957DF77978BCF356F3F96B9A79E3961CB,21EB2176DFD7364A8E3705ABF518E880362425FC,05B451C0562FDE23307AFA84FD6A37652E615233,16BB0A28C79E7700E73C068C68F3366EB552424D,2020-09-06 05:15:38.782000,2020-09-06 05:15:39.658000
o6xdiwzp2ztcin4eqlm5ly4xzsxkrcxbsizboo34eg6kl6ljzhmduzid,,,,,,,C239952D0C8E4EABC3E6B0A8E0B623689174E3C6,2020-09-06 05:15:39.659000,
